﻿{
"Version": "0.8.7.0",
"Object": {
"$type": "PMDC.Data.RarityData, PMDC",
"RarityMap": {
"abra": {
"3": [
"xcl_family_abra_00"
],
"2": [
"xcl_family_abra_01",
"xcl_family_abra_04"
],
"1": [
"xcl_family_abra_02",
"xcl_family_abra_03"
]
},
"kadabra": {
"3": [
"xcl_family_abra_00"
],
"2": [
"xcl_family_abra_01",
"xcl_family_abra_04"
],
"1": [
"xcl_family_abra_02",
"xcl_family_abra_03"
]
},
"alakazam": {
"3": [
"xcl_family_abra_00"
],
"2": [
"xcl_family_abra_01",
"xcl_family_abra_04"
],
"1": [
"xcl_family_abra_02",
"xcl_family_abra_03"
]
},
"absol": {
"3": [
"xcl_family_absol_00"
],
"2": [
"xcl_family_absol_01",
"xcl_family_absol_04"
],
"1": [
"xcl_family_absol_02",
"xcl_family_absol_03"
]
},
"aerodactyl": {
"3": [
"xcl_family_aerodactyl_00"
],
"2": [
"xcl_family_aerodactyl_01",
"xcl_family_aerodactyl_04"
],
"1": [
"xcl_family_aerodactyl_02",
"xcl_family_aerodactyl_03"
]
},
"aipom": {
"3": [
"xcl_family_aipom_00"
],
"2": [
"xcl_family_aipom_01"
],
"1": [
"xcl_family_aipom_02",
"xcl_family_aipom_03"
]
},
"ambipom": {
"3": [
"xcl_family_aipom_00"
],
"2": [
"xcl_family_aipom_01"
],
"1": [
"xcl_family_aipom_02",
"xcl_family_aipom_03"
]
},
"amaura": {
"3": [
"xcl_family_amaura_00"
],
"2": [
"xcl_family_amaura_01",
"xcl_family_amaura_04"
],
"1": [
"xcl_family_amaura_02",
"xcl_family_amaura_03"
]
},
"aurorus": {
"3": [
"xcl_family_amaura_00"
],
"2": [
"xcl_family_amaura_01",
"xcl_family_amaura_04"
],
"1": [
"xcl_family_amaura_02",
"xcl_family_amaura_03"
]
},
"anorith": {
"3": [
"xcl_family_anorith_00"
],
"2": [
"xcl_family_anorith_01",
"xcl_family_anorith_04"
],
"1": [
"xcl_family_anorith_02",
"xcl_family_anorith_03"
]
},
"armaldo": {
"3": [
"xcl_family_anorith_00"
],
"2": [
"xcl_family_anorith_01",
"xcl_family_anorith_04"
],
"1": [
"xcl_family_anorith_02",
"xcl_family_anorith_03"
]
},
"appletun": {
"3": [
"xcl_family_applin_00"
],
"2": [
"xcl_family_applin_01",
"xcl_family_applin_04"
],
"1": [
"xcl_family_applin_05",
"xcl_family_applin_06"
]
},
"applin": {
"2": [
"xcl_family_applin_01",
"xcl_family_applin_03",
"xcl_family_applin_04"
],
"1": [
"xcl_family_applin_05",
"xcl_family_applin_06"
]
},
"flapple": {
"3": [
"xcl_family_applin_02"
],
"2": [
"xcl_family_applin_03",
"xcl_family_applin_04"
],
"1": [
"xcl_family_applin_05",
"xcl_family_applin_06"
]
},
"aron": {
"3": [
"xcl_family_aron_00"
],
"2": [
"xcl_family_aron_01",
"xcl_family_aron_04"
],
"1": [
"xcl_family_aron_02",
"xcl_family_aron_03"
]
},
"lairon": {
"3": [
"xcl_family_aron_00"
],
"2": [
"xcl_family_aron_01",
"xcl_family_aron_04"
],
"1": [
"xcl_family_aron_02",
"xcl_family_aron_03"
]
},
"aggron": {
"3": [
"xcl_family_aron_00"
],
"2": [
"xcl_family_aron_01",
"xcl_family_aron_04"
],
"1": [
"xcl_family_aron_02",
"xcl_family_aron_03"
]
},
"audino": {
"3": [
"xcl_family_audino_00"
],
"2": [
"xcl_family_audino_01",
"xcl_family_audino_04"
],
"1": [
"xcl_family_audino_02",
"xcl_family_audino_03"
]
},
"bagon": {
"3": [
"xcl_family_bagon_00"
],
"2": [
"xcl_family_bagon_01"
],
"1": [
"xcl_family_bagon_02",
"xcl_family_bagon_03"
]
},
"shelgon": {
"3": [
"xcl_family_bagon_00"
],
"2": [
"xcl_family_bagon_01"
],
"1": [
"xcl_family_bagon_02",
"xcl_family_bagon_03"
]
},
"salamence": {
"3": [
"xcl_family_bagon_00"
],
"2": [
"xcl_family_bagon_01"
],
"1": [
"xcl_family_bagon_02",
"xcl_family_bagon_03"
]
},
"baltoy": {
"3": [
"xcl_family_baltoy_00"
],
"2": [
"xcl_family_baltoy_01"
],
"1": [
"xcl_family_baltoy_02",
"xcl_family_baltoy_03"
]
},
"claydol": {
"3": [
"xcl_family_baltoy_00"
],
"2": [
"xcl_family_baltoy_01"
],
"1": [
"xcl_family_baltoy_02",
"xcl_family_baltoy_03"
]
},
"barboach": {
"3": [
"xcl_family_barboach_00"
],
"2": [
"xcl_family_barboach_01"
],
"1": [
"xcl_family_barboach_02",
"xcl_family_barboach_03"
]
},
"whiscash": {
"3": [
"xcl_family_barboach_00"
],
"2": [
"xcl_family_barboach_01"
],
"1": [
"xcl_family_barboach_02",
"xcl_family_barboach_03"
]
},
"beldum": {
"3": [
"xcl_family_beldum_00"
],
"2": [
"xcl_family_beldum_01"
],
"1": [
"xcl_family_beldum_02",
"xcl_family_beldum_03"
]
},
"metang": {
"3": [
"xcl_family_beldum_00"
],
"2": [
"xcl_family_beldum_01"
],
"1": [
"xcl_family_beldum_02",
"xcl_family_beldum_03"
]
},
"metagross": {
"3": [
"xcl_family_beldum_00"
],
"2": [
"xcl_family_beldum_01"
],
"1": [
"xcl_family_beldum_02",
"xcl_family_beldum_03"
]
},
"bellsprout": {
"3": [
"xcl_family_bellsprout_00"
],
"2": [
"xcl_family_bellsprout_01",
"xcl_family_bellsprout_04"
],
"1": [
"xcl_family_bellsprout_02",
"xcl_family_bellsprout_03"
]
},
"weepinbell": {
"3": [
"xcl_family_bellsprout_00"
],
"2": [
"xcl_family_bellsprout_01",
"xcl_family_bellsprout_04"
],
"1": [
"xcl_family_bellsprout_02",
"xcl_family_bellsprout_03"
]
},
"victreebel": {
"3": [
"xcl_family_bellsprout_00"
],
"2": [
"xcl_family_bellsprout_01",
"xcl_family_bellsprout_04"
],
"1": [
"xcl_family_bellsprout_02",
"xcl_family_bellsprout_03"
]
},
"bidoof": {
"3": [
"xcl_family_bidoof_00"
],
"2": [
"xcl_family_bidoof_01",
"xcl_family_bidoof_04"
],
"1": [
"xcl_family_bidoof_02",
"xcl_family_bidoof_03"
]
},
"bibarel": {
"3": [
"xcl_family_bidoof_00"
],
"2": [
"xcl_family_bidoof_01",
"xcl_family_bidoof_04"
],
"1": [
"xcl_family_bidoof_02",
"xcl_family_bidoof_03"
]
},
"articuno": {
"3": [
"xcl_family_bird_trio_00"
],
"2": [
"xcl_family_bird_trio_01",
"xcl_family_bird_trio_02",
"xcl_family_bird_trio_11"
],
"1": [
"xcl_family_bird_trio_09",
"xcl_family_bird_trio_10"
]
},
"zapdos": {
"3": [
"xcl_family_bird_trio_03"
],
"2": [
"xcl_family_bird_trio_04",
"xcl_family_bird_trio_05",
"xcl_family_bird_trio_11"
],
"1": [
"xcl_family_bird_trio_09",
"xcl_family_bird_trio_10"
]
},
"moltres": {
"3": [
"xcl_family_bird_trio_06"
],
"2": [
"xcl_family_bird_trio_07",
"xcl_family_bird_trio_08",
"xcl_family_bird_trio_11"
],
"1": [
"xcl_family_bird_trio_09",
"xcl_family_bird_trio_10"
]
},
"bronzor": {
"3": [
"xcl_family_bronzor_00"
],
"2": [
"xcl_family_bronzor_01"
],
"1": [
"xcl_family_bronzor_02",
"xcl_family_bronzor_03"
]
},
"bronzong": {
"3": [
"xcl_family_bronzor_00"
],
"2": [
"xcl_family_bronzor_01"
],
"1": [
"xcl_family_bronzor_02",
"xcl_family_bronzor_03"
]
},
"buizel": {
"3": [
"xcl_family_buizel_00"
],
"2": [
"xcl_family_buizel_01",
"xcl_family_buizel_04"
],
"1": [
"xcl_family_buizel_02",
"xcl_family_buizel_03"
]
},
"floatzel": {
"3": [
"xcl_family_buizel_00"
],
"2": [
"xcl_family_buizel_01",
"xcl_family_buizel_04"
],
"1": [
"xcl_family_buizel_02",
"xcl_family_buizel_03"
]
},
"bulbasaur": {
"3": [
"xcl_family_bulbasaur_00"
],
"2": [
"xcl_family_bulbasaur_01",
"xcl_family_bulbasaur_04"
],
"1": [
"xcl_family_bulbasaur_02",
"xcl_family_bulbasaur_03"
]
},
"ivysaur": {
"3": [
"xcl_family_bulbasaur_00"
],
"2": [
"xcl_family_bulbasaur_01",
"xcl_family_bulbasaur_04"
],
"1": [
"xcl_family_bulbasaur_02",
"xcl_family_bulbasaur_03"
]
},
"venusaur": {
"3": [
"xcl_family_bulbasaur_00"
],
"2": [
"xcl_family_bulbasaur_01",
"xcl_family_bulbasaur_04"
],
"1": [
"xcl_family_bulbasaur_02",
"xcl_family_bulbasaur_03"
]
},
"buneary": {
"3": [
"xcl_family_buneary_00"
],
"2": [
"xcl_family_buneary_01",
"xcl_family_buneary_04"
],
"1": [
"xcl_family_buneary_02",
"xcl_family_buneary_03"
]
},
"lopunny": {
"3": [
"xcl_family_buneary_00"
],
"2": [
"xcl_family_buneary_01",
"xcl_family_buneary_04"
],
"1": [
"xcl_family_buneary_02",
"xcl_family_buneary_03"
]
},
"burmy": {
"3": [
"xcl_family_burmy_00",
"xcl_family_burmy_01"
],
"1": [
"xcl_family_burmy_02",
"xcl_family_burmy_03"
],
"2": [
"xcl_family_burmy_04"
]
},
"wormadam": {
"3": [
"xcl_family_burmy_00",
"xcl_family_burmy_01"
],
"1": [
"xcl_family_burmy_02",
"xcl_family_burmy_03"
],
"2": [
"xcl_family_burmy_04"
]
},
"mothim": {
"3": [
"xcl_family_burmy_00",
"xcl_family_burmy_01"
],
"1": [
"xcl_family_burmy_02",
"xcl_family_burmy_03"
],
"2": [
"xcl_family_burmy_04"
]
},
"cacnea": {
"3": [
"xcl_family_cacnea_00"
],
"2": [
"xcl_family_cacnea_01"
],
"1": [
"xcl_family_cacnea_02",
"xcl_family_cacnea_03"
]
},
"cacturne": {
"3": [
"xcl_family_cacnea_00"
],
"2": [
"xcl_family_cacnea_01"
],
"1": [
"xcl_family_cacnea_02",
"xcl_family_cacnea_03"
]
},
"carbink": {
"3": [
"xcl_family_carbink_00"
],
"2": [
"xcl_family_carbink_01"
],
"1": [
"xcl_family_carbink_02",
"xcl_family_carbink_03"
]
},
"carnivine": {
"3": [
"xcl_family_carnivine_00"
],
"2": [
"xcl_family_carnivine_01",
"xcl_family_carnivine_04"
],
"1": [
"xcl_family_carnivine_02",
"xcl_family_carnivine_03"
]
},
"carvanha": {
"3": [
"xcl_family_carvanha_00"
],
"2": [
"xcl_family_carvanha_01",
"xcl_family_carvanha_04"
],
"1": [
"xcl_family_carvanha_02",
"xcl_family_carvanha_03"
]
},
"sharpedo": {
"3": [
"xcl_family_carvanha_00"
],
"2": [
"xcl_family_carvanha_01",
"xcl_family_carvanha_04"
],
"1": [
"xcl_family_carvanha_02",
"xcl_family_carvanha_03"
]
},
"castform": {
"3": [
"xcl_family_castform_00"
],
"2": [
"xcl_family_castform_01",
"xcl_family_castform_04"
],
"1": [
"xcl_family_castform_02",
"xcl_family_castform_03"
]
},
"caterpie": {
"3": [
"xcl_family_caterpie_00"
],
"2": [
"xcl_family_caterpie_01"
],
"1": [
"xcl_family_caterpie_02",
"xcl_family_caterpie_03"
]
},
"metapod": {
"3": [
"xcl_family_caterpie_00"
],
"2": [
"xcl_family_caterpie_01"
],
"1": [
"xcl_family_caterpie_02",
"xcl_family_caterpie_03"
]
},
"butterfree": {
"3": [
"xcl_family_caterpie_00"
],
"2": [
"xcl_family_caterpie_01"
],
"1": [
"xcl_family_caterpie_02",
"xcl_family_caterpie_03"
]
},
"celebi": {
"3": [
"xcl_family_celebi_00"
],
"2": [
"xcl_family_celebi_01",
"xcl_family_celebi_04"
],
"1": [
"xcl_family_celebi_02",
"xcl_family_celebi_03"
]
},
"happiny": {
"3": [
"xcl_family_chansey_00"
],
"2": [
"xcl_family_chansey_01",
"xcl_family_chansey_04"
],
"1": [
"xcl_family_chansey_02",
"xcl_family_chansey_03"
]
},
"chansey": {
"3": [
"xcl_family_chansey_00"
],
"2": [
"xcl_family_chansey_01",
"xcl_family_chansey_04"
],
"1": [
"xcl_family_chansey_02",
"xcl_family_chansey_03"
]
},
"blissey": {
"3": [
"xcl_family_chansey_00"
],
"2": [
"xcl_family_chansey_01",
"xcl_family_chansey_04"
],
"1": [
"xcl_family_chansey_02",
"xcl_family_chansey_03"
]
},
"charmander": {
"3": [
"xcl_family_charmander_00"
],
"2": [
"xcl_family_charmander_01",
"xcl_family_charmander_04"
],
"1": [
"xcl_family_charmander_02",
"xcl_family_charmander_03"
]
},
"charmeleon": {
"3": [
"xcl_family_charmander_00"
],
"2": [
"xcl_family_charmander_01",
"xcl_family_charmander_04"
],
"1": [
"xcl_family_charmander_02",
"xcl_family_charmander_03"
]
},
"charizard": {
"3": [
"xcl_family_charmander_00"
],
"2": [
"xcl_family_charmander_01",
"xcl_family_charmander_04"
],
"1": [
"xcl_family_charmander_02",
"xcl_family_charmander_03"
]
},
"chatot": {
"3": [
"xcl_family_chatot_00"
],
"2": [
"xcl_family_chatot_01"
],
"1": [
"xcl_family_chatot_02",
"xcl_family_chatot_03"
]
},
"cherubi": {
"3": [
"xcl_family_cherubi_00"
],
"2": [
"xcl_family_cherubi_01",
"xcl_family_cherubi_04"
],
"1": [
"xcl_family_cherubi_02",
"xcl_family_cherubi_03"
]
},
"cherrim": {
"3": [
"xcl_family_cherubi_00"
],
"2": [
"xcl_family_cherubi_01",
"xcl_family_cherubi_04"
],
"1": [
"xcl_family_cherubi_02",
"xcl_family_cherubi_03"
]
},
"chikorita": {
"3": [
"xcl_family_chikorita_00"
],
"2": [
"xcl_family_chikorita_01",
"xcl_family_chikorita_04"
],
"1": [
"xcl_family_chikorita_02",
"xcl_family_chikorita_03"
]
},
"bayleef": {
"3": [
"xcl_family_chikorita_00"
],
"2": [
"xcl_family_chikorita_01",
"xcl_family_chikorita_04"
],
"1": [
"xcl_family_chikorita_02",
"xcl_family_chikorita_03"
]
},
"meganium": {
"3": [
"xcl_family_chikorita_00"
],
"2": [
"xcl_family_chikorita_01",
"xcl_family_chikorita_04"
],
"1": [
"xcl_family_chikorita_02",
"xcl_family_chikorita_03"
]
},
"chimchar": {
"3": [
"xcl_family_chimchar_00"
],
"2": [
"xcl_family_chimchar_01",
"xcl_family_chimchar_04"
],
"1": [
"xcl_family_chimchar_02",
"xcl_family_chimchar_03"
]
},
"monferno": {
"3": [
"xcl_family_chimchar_00"
],
"2": [
"xcl_family_chimchar_01",
"xcl_family_chimchar_04"
],
"1": [
"xcl_family_chimchar_02",
"xcl_family_chimchar_03"
]
},
"infernape": {
"3": [
"xcl_family_chimchar_00"
],
"2": [
"xcl_family_chimchar_01",
"xcl_family_chimchar_04"
],
"1": [
"xcl_family_chimchar_02",
"xcl_family_chimchar_03"
]
},
"chingling": {
"3": [
"xcl_family_chimecho_00"
],
"2": [
"xcl_family_chimecho_01",
"xcl_family_chimecho_04"
],
"1": [
"xcl_family_chimecho_02",
"xcl_family_chimecho_03"
]
},
"chimecho": {
"3": [
"xcl_family_chimecho_00"
],
"2": [
"xcl_family_chimecho_01",
"xcl_family_chimecho_04"
],
"1": [
"xcl_family_chimecho_02",
"xcl_family_chimecho_03"
]
},
"chinchou": {
"3": [
"xcl_family_chinchou_00"
],
"2": [
"xcl_family_chinchou_01"
],
"1": [
"xcl_family_chinchou_02",
"xcl_family_chinchou_03"
]
},
"lanturn": {
"3": [
"xcl_family_chinchou_00"
],
"2": [
"xcl_family_chinchou_01"
],
"1": [
"xcl_family_chinchou_02",
"xcl_family_chinchou_03"
]
},
"clamperl": {
"3": [
"xcl_family_clamperl_00",
"xcl_family_clamperl_01"
],
"1": [
"xcl_family_clamperl_02",
"xcl_family_clamperl_03"
],
"2": [
"xcl_family_clamperl_04"
]
},
"huntail": {
"3": [
"xcl_family_clamperl_00",
"xcl_family_clamperl_01"
],
"1": [
"xcl_family_clamperl_02",
"xcl_family_clamperl_03"
],
"2": [
"xcl_family_clamperl_04"
]
},
"gorebyss": {
"3": [
"xcl_family_clamperl_00",
"xcl_family_clamperl_01"
],
"1": [
"xcl_family_clamperl_02",
"xcl_family_clamperl_03"
],
"2": [
"xcl_family_clamperl_04"
]
},
"cleffa": {
"3": [
"xcl_family_clefairy_00"
],
"2": [
"xcl_family_clefairy_01",
"xcl_family_clefairy_04"
],
"1": [
"xcl_family_clefairy_02",
"xcl_family_clefairy_03"
]
},
"clefairy": {
"3": [
"xcl_family_clefairy_00"
],
"2": [
"xcl_family_clefairy_01",
"xcl_family_clefairy_04"
],
"1": [
"xcl_family_clefairy_02",
"xcl_family_clefairy_03"
]
},
"clefable": {
"3": [
"xcl_family_clefairy_00"
],
"2": [
"xcl_family_clefairy_01",
"xcl_family_clefairy_04"
],
"1": [
"xcl_family_clefairy_02",
"xcl_family_clefairy_03"
]
},
"combee": {
"3": [
"xcl_family_combee_00"
],
"2": [
"xcl_family_combee_01",
"xcl_family_combee_04"
],
"1": [
"xcl_family_combee_02",
"xcl_family_combee_03"
]
},
"vespiquen": {
"3": [
"xcl_family_combee_00"
],
"2": [
"xcl_family_combee_01",
"xcl_family_combee_04"
],
"1": [
"xcl_family_combee_02",
"xcl_family_combee_03"
]
},
"comfey": {
"3": [
"xcl_family_comfey_00"
],
"2": [
"xcl_family_comfey_01",
"xcl_family_comfey_04"
],
"1": [
"xcl_family_comfey_02",
"xcl_family_comfey_03"
]
},
"corphish": {
"3": [
"xcl_family_corphish_00"
],
"2": [
"xcl_family_corphish_01"
],
"1": [
"xcl_family_corphish_02",
"xcl_family_corphish_03"
]
},
"crawdaunt": {
"3": [
"xcl_family_corphish_00"
],
"2": [
"xcl_family_corphish_01"
],
"1": [
"xcl_family_corphish_02",
"xcl_family_corphish_03"
]
},
"corsola": {
"3": [
"xcl_family_corsola_00"
],
"2": [
"xcl_family_corsola_01",
"xcl_family_corsola_04"
],
"1": [
"xcl_family_corsola_02",
"xcl_family_corsola_03"
]
},
"cranidos": {
"3": [
"xcl_family_cranidos_00"
],
"2": [
"xcl_family_cranidos_01",
"xcl_family_cranidos_04"
],
"1": [
"xcl_family_cranidos_02",
"xcl_family_cranidos_03"
]
},
"rampardos": {
"3": [
"xcl_family_cranidos_00"
],
"2": [
"xcl_family_cranidos_01",
"xcl_family_cranidos_04"
],
"1": [
"xcl_family_cranidos_02",
"xcl_family_cranidos_03"
]
},
"cresselia": {
"3": [
"xcl_family_cresselia_00"
],
"2": [
"xcl_family_cresselia_01",
"xcl_family_cresselia_04"
],
"1": [
"xcl_family_cresselia_02",
"xcl_family_cresselia_03"
]
},
"croagunk": {
"3": [
"xcl_family_croagunk_00"
],
"2": [
"xcl_family_croagunk_01"
],
"1": [
"xcl_family_croagunk_02",
"xcl_family_croagunk_03"
]
},
"toxicroak": {
"3": [
"xcl_family_croagunk_00"
],
"2": [
"xcl_family_croagunk_01"
],
"1": [
"xcl_family_croagunk_02",
"xcl_family_croagunk_03"
]
},
"cubone": {
"3": [
"xcl_family_cubone_00"
],
"2": [
"xcl_family_cubone_01"
],
"1": [
"xcl_family_cubone_02",
"xcl_family_cubone_03"
]
},
"marowak": {
"3": [
"xcl_family_cubone_00"
],
"2": [
"xcl_family_cubone_01"
],
"1": [
"xcl_family_cubone_02",
"xcl_family_cubone_03"
]
},
"cutiefly": {
"1": [
"xcl_family_cutiefly_02",
"xcl_family_cutiefly_03"
],
"2": [
"xcl_family_cutiefly_04"
]
},
"ribombee": {
"1": [
"xcl_family_cutiefly_02",
"xcl_family_cutiefly_03"
],
"2": [
"xcl_family_cutiefly_04"
]
},
"cyndaquil": {
"3": [
"xcl_family_cyndaquil_00"
],
"2": [
"xcl_family_cyndaquil_01",
"xcl_family_cyndaquil_04"
],
"1": [
"xcl_family_cyndaquil_02",
"xcl_family_cyndaquil_03"
]
},
"quilava": {
"3": [
"xcl_family_cyndaquil_00"
],
"2": [
"xcl_family_cyndaquil_01",
"xcl_family_cyndaquil_04"
],
"1": [
"xcl_family_cyndaquil_02",
"xcl_family_cyndaquil_03"
]
},
"typhlosion": {
"3": [
"xcl_family_cyndaquil_00"
],
"2": [
"xcl_family_cyndaquil_01",
"xcl_family_cyndaquil_04"
],
"1": [
"xcl_family_cyndaquil_02",
"xcl_family_cyndaquil_03"
]
},
"darkrai": {
"3": [
"xcl_family_darkrai_00"
],
"2": [
"xcl_family_darkrai_01",
"xcl_family_darkrai_04"
],
"1": [
"xcl_family_darkrai_02",
"xcl_family_darkrai_03"
]
},
"deerling": {
"3": [
"xcl_family_deerling_00"
],
"2": [
"xcl_family_deerling_01",
"xcl_family_deerling_04"
],
"1": [
"xcl_family_deerling_02",
"xcl_family_deerling_03"
]
},
"sawsbuck": {
"3": [
"xcl_family_deerling_00"
],
"2": [
"xcl_family_deerling_01",
"xcl_family_deerling_04"
],
"1": [
"xcl_family_deerling_02",
"xcl_family_deerling_03"
]
},
"delibird": {
"3": [
"xcl_family_delibird_00"
],
"2": [
"xcl_family_delibird_01",
"xcl_family_delibird_04"
],
"1": [
"xcl_family_delibird_02",
"xcl_family_delibird_03"
]
},
"deoxys": {
"3": [
"xcl_family_deoxys_00"
],
"2": [
"xcl_family_deoxys_01",
"xcl_family_deoxys_04"
],
"1": [
"xcl_family_deoxys_02",
"xcl_family_deoxys_03"
]
},
"dhelmise": {
"3": [
"xcl_family_dhelmise_00"
],
"2": [
"xcl_family_dhelmise_01",
"xcl_family_dhelmise_04"
],
"1": [
"xcl_family_dhelmise_02",
"xcl_family_dhelmise_03"
]
},
"dialga": {
"3": [
"xcl_family_dialga_00"
],
"2": [
"xcl_family_dialga_01",
"xcl_family_dialga_04"
],
"1": [
"xcl_family_dialga_02",
"xcl_family_dialga_03"
]
},
"diglett": {
"3": [
"xcl_family_diglett_00"
],
"2": [
"xcl_family_diglett_01"
],
"1": [
"xcl_family_diglett_02",
"xcl_family_diglett_03"
]
},
"dugtrio": {
"3": [
"xcl_family_diglett_00"
],
"2": [
"xcl_family_diglett_01"
],
"1": [
"xcl_family_diglett_02",
"xcl_family_diglett_03"
]
},
"ditto": {
"2": [
"xcl_family_ditto_00",
"xcl_family_ditto_01",
"xcl_family_ditto_02",
"xcl_family_ditto_03",
"xcl_family_ditto_04",
"xcl_family_ditto_05"
]
},
"doduo": {
"3": [
"xcl_family_doduo_00"
],
"2": [
"xcl_family_doduo_01",
"xcl_family_doduo_04"
],
"1": [
"xcl_family_doduo_02",
"xcl_family_doduo_03"
]
},
"dodrio": {
"3": [
"xcl_family_doduo_00"
],
"2": [
"xcl_family_doduo_01",
"xcl_family_doduo_04"
],
"1": [
"xcl_family_doduo_02",
"xcl_family_doduo_03"
]
},
"drampa": {
"3": [
"xcl_family_drampa_00"
],
"2": [
"xcl_family_drampa_01"
],
"1": [
"xcl_family_drampa_02",
"xcl_family_drampa_03"
]
},
"dratini": {
"3": [
"xcl_family_dratini_00"
],
"2": [
"xcl_family_dratini_01",
"xcl_family_dratini_04"
],
"1": [
"xcl_family_dratini_02",
"xcl_family_dratini_03"
]
},
"dragonair": {
"3": [
"xcl_family_dratini_00"
],
"2": [
"xcl_family_dratini_01",
"xcl_family_dratini_04"
],
"1": [
"xcl_family_dratini_02",
"xcl_family_dratini_03"
]
},
"dragonite": {
"3": [
"xcl_family_dratini_00"
],
"2": [
"xcl_family_dratini_01",
"xcl_family_dratini_04"
],
"1": [
"xcl_family_dratini_02",
"xcl_family_dratini_03"
]
},
"drifloon": {
"3": [
"xcl_family_drifloon_00"
],
"2": [
"xcl_family_drifloon_01",
"xcl_family_drifloon_04"
],
"1": [
"xcl_family_drifloon_02",
"xcl_family_drifloon_03"
]
},
"drifblim": {
"3": [
"xcl_family_drifloon_00"
],
"2": [
"xcl_family_drifloon_01",
"xcl_family_drifloon_04"
],
"1": [
"xcl_family_drifloon_02",
"xcl_family_drifloon_03"
]
},
"drowzee": {
"3": [
"xcl_family_drowzee_00"
],
"2": [
"xcl_family_drowzee_01"
],
"1": [
"xcl_family_drowzee_02",
"xcl_family_drowzee_03"
]
},
"hypno": {
"3": [
"xcl_family_drowzee_00"
],
"2": [
"xcl_family_drowzee_01"
],
"1": [
"xcl_family_drowzee_02",
"xcl_family_drowzee_03"
]
},
"druddigon": {
"3": [
"xcl_family_druddigon_00"
],
"2": [
"xcl_family_druddigon_01"
],
"1": [
"xcl_family_druddigon_02",
"xcl_family_druddigon_03",
"xcl_family_druddigon_04"
]
},
"dunsparce": {
"3": [
"xcl_family_dunsparce_00"
],
"2": [
"xcl_family_dunsparce_01",
"xcl_family_dunsparce_04"
],
"1": [
"xcl_family_dunsparce_02",
"xcl_family_dunsparce_03"
]
},
"duskull": {
"3": [
"xcl_family_duskull_00"
],
"2": [
"xcl_family_duskull_01"
],
"1": [
"xcl_family_duskull_02",
"xcl_family_duskull_03"
]
},
"dusclops": {
"3": [
"xcl_family_duskull_00"
],
"2": [
"xcl_family_duskull_01"
],
"1": [
"xcl_family_duskull_02",
"xcl_family_duskull_03"
]
},
"dusknoir": {
"3": [
"xcl_family_duskull_00"
],
"2": [
"xcl_family_duskull_01"
],
"1": [
"xcl_family_duskull_02",
"xcl_family_duskull_03"
]
},
"sylveon": {
"3": [
"xcl_family_eevee_00"
],
"2": [
"xcl_family_eevee_01",
"xcl_family_eevee_24"
],
"1": [
"xcl_family_eevee_02",
"xcl_family_eevee_25",
"xcl_family_eevee_26"
]
},
"eevee": {
"1": [
"xcl_family_eevee_02",
"xcl_family_eevee_05",
"xcl_family_eevee_08",
"xcl_family_eevee_11",
"xcl_family_eevee_14",
"xcl_family_eevee_17",
"xcl_family_eevee_20",
"xcl_family_eevee_23",
"xcl_family_eevee_25",
"xcl_family_eevee_26"
],
"2": [
"xcl_family_eevee_24"
]
},
"glaceon": {
"3": [
"xcl_family_eevee_03"
],
"2": [
"xcl_family_eevee_04",
"xcl_family_eevee_24"
],
"1": [
"xcl_family_eevee_05",
"xcl_family_eevee_25",
"xcl_family_eevee_26"
]
},
"leafeon": {
"3": [
"xcl_family_eevee_06"
],
"2": [
"xcl_family_eevee_07",
"xcl_family_eevee_24"
],
"1": [
"xcl_family_eevee_08",
"xcl_family_eevee_25",
"xcl_family_eevee_26"
]
},
"umbreon": {
"3": [
"xcl_family_eevee_09"
],
"2": [
"xcl_family_eevee_10",
"xcl_family_eevee_24"
],
"1": [
"xcl_family_eevee_11",
"xcl_family_eevee_25",
"xcl_family_eevee_26"
]
},
"espeon": {
"3": [
"xcl_family_eevee_12"
],
"2": [
"xcl_family_eevee_13",
"xcl_family_eevee_24"
],
"1": [
"xcl_family_eevee_14",
"xcl_family_eevee_25",
"xcl_family_eevee_26"
]
},
"flareon": {
"3": [
"xcl_family_eevee_15"
],
"2": [
"xcl_family_eevee_16",
"xcl_family_eevee_24"
],
"1": [
"xcl_family_eevee_17",
"xcl_family_eevee_25",
"xcl_family_eevee_26"
]
},
"jolteon": {
"3": [
"xcl_family_eevee_18"
],
"2": [
"xcl_family_eevee_19",
"xcl_family_eevee_24"
],
"1": [
"xcl_family_eevee_20",
"xcl_family_eevee_25",
"xcl_family_eevee_26"
]
},
"vaporeon": {
"3": [
"xcl_family_eevee_21"
],
"2": [
"xcl_family_eevee_22",
"xcl_family_eevee_24"
],
"1": [
"xcl_family_eevee_23",
"xcl_family_eevee_25",
"xcl_family_eevee_26"
]
},
"eiscue": {
"3": [
"xcl_family_eiscue_00"
],
"2": [
"xcl_family_eiscue_01"
],
"1": [
"xcl_family_eiscue_02",
"xcl_family_eiscue_03"
]
},
"ekans": {
"3": [
"xcl_family_ekans_00"
],
"2": [
"xcl_family_ekans_01",
"xcl_family_ekans_04"
],
"1": [
"xcl_family_ekans_02",
"xcl_family_ekans_03"
]
},
"arbok": {
"3": [
"xcl_family_ekans_00"
],
"2": [
"xcl_family_ekans_01",
"xcl_family_ekans_04"
],
"1": [
"xcl_family_ekans_02",
"xcl_family_ekans_03"
]
},
"elekid": {
"3": [
"xcl_family_electabuzz_00"
],
"2": [
"xcl_family_electabuzz_01",
"xcl_family_electabuzz_04"
],
"1": [
"xcl_family_electabuzz_02",
"xcl_family_electabuzz_03"
]
},
"electabuzz": {
"3": [
"xcl_family_electabuzz_00"
],
"2": [
"xcl_family_electabuzz_01",
"xcl_family_electabuzz_04"
],
"1": [
"xcl_family_electabuzz_02",
"xcl_family_electabuzz_03"
]
},
"electivire": {
"3": [
"xcl_family_electabuzz_00"
],
"2": [
"xcl_family_electabuzz_01",
"xcl_family_electabuzz_04"
],
"1": [
"xcl_family_electabuzz_02",
"xcl_family_electabuzz_03"
]
},
"electrike": {
"3": [
"xcl_family_electrike_00"
],
"2": [
"xcl_family_electrike_01"
],
"1": [
"xcl_family_electrike_02",
"xcl_family_electrike_03"
]
},
"manectric": {
"3": [
"xcl_family_electrike_00"
],
"2": [
"xcl_family_electrike_01"
],
"1": [
"xcl_family_electrike_02",
"xcl_family_electrike_03"
]
},
"exeggcute": {
"3": [
"xcl_family_exeggcute_00"
],
"2": [
"xcl_family_exeggcute_01"
],
"1": [
"xcl_family_exeggcute_02",
"xcl_family_exeggcute_03"
]
},
"exeggutor": {
"3": [
"xcl_family_exeggcute_00"
],
"2": [
"xcl_family_exeggcute_01"
],
"1": [
"xcl_family_exeggcute_02",
"xcl_family_exeggcute_03"
]
},
"farfetchd": {
"3": [
"xcl_family_farfetchd_00"
],
"2": [
"xcl_family_farfetchd_01",
"xcl_family_farfetchd_04"
],
"1": [
"xcl_family_farfetchd_02",
"xcl_family_farfetchd_03"
]
},
"sirfetchd": {
"3": [
"xcl_family_farfetchd_00"
],
"2": [
"xcl_family_farfetchd_01",
"xcl_family_farfetchd_04"
],
"1": [
"xcl_family_farfetchd_02",
"xcl_family_farfetchd_03"
]
},
"feebas": {
"3": [
"xcl_family_feebas_00"
],
"2": [
"xcl_family_feebas_01",
"xcl_family_feebas_04"
],
"1": [
"xcl_family_feebas_02",
"xcl_family_feebas_03"
]
},
"milotic": {
"3": [
"xcl_family_feebas_00"
],
"2": [
"xcl_family_feebas_01",
"xcl_family_feebas_04"
],
"1": [
"xcl_family_feebas_02",
"xcl_family_feebas_03"
]
},
"fennekin": {
"3": [
"xcl_family_fennekin_00"
],
"2": [
"xcl_family_fennekin_01",
"xcl_family_fennekin_04"
],
"1": [
"xcl_family_fennekin_02",
"xcl_family_fennekin_03"
]
},
"braixen": {
"3": [
"xcl_family_fennekin_00"
],
"2": [
"xcl_family_fennekin_01",
"xcl_family_fennekin_04"
],
"1": [
"xcl_family_fennekin_02",
"xcl_family_fennekin_03"
]
},
"delphox": {
"3": [
"xcl_family_fennekin_00"
],
"2": [
"xcl_family_fennekin_01",
"xcl_family_fennekin_04"
],
"1": [
"xcl_family_fennekin_02",
"xcl_family_fennekin_03"
]
},
"ferroseed": {
"3": [
"xcl_family_ferroseed_00"
],
"2": [
"xcl_family_ferroseed_01",
"xcl_family_ferroseed_04"
],
"1": [
"xcl_family_ferroseed_02",
"xcl_family_ferroseed_03"
]
},
"ferrothorn": {
"3": [
"xcl_family_ferroseed_00"
],
"2": [
"xcl_family_ferroseed_01",
"xcl_family_ferroseed_04"
],
"1": [
"xcl_family_ferroseed_02",
"xcl_family_ferroseed_03"
]
},
"finneon": {
"3": [
"xcl_family_finneon_00"
],
"2": [
"xcl_family_finneon_01",
"xcl_family_finneon_04"
],
"1": [
"xcl_family_finneon_02",
"xcl_family_finneon_03"
]
},
"lumineon": {
"3": [
"xcl_family_finneon_00"
],
"2": [
"xcl_family_finneon_01",
"xcl_family_finneon_04"
],
"1": [
"xcl_family_finneon_02",
"xcl_family_finneon_03"
]
},
"flabebe": {
"3": [
"xcl_family_flabebe_00"
],
"2": [
"xcl_family_flabebe_01",
"xcl_family_flabebe_04"
],
"1": [
"xcl_family_flabebe_02",
"xcl_family_flabebe_03"
]
},
"floette": {
"3": [
"xcl_family_flabebe_00"
],
"2": [
"xcl_family_flabebe_01",
"xcl_family_flabebe_04"
],
"1": [
"xcl_family_flabebe_02",
"xcl_family_flabebe_03"
]
},
"florges": {
"3": [
"xcl_family_flabebe_00"
],
"2": [
"xcl_family_flabebe_01",
"xcl_family_flabebe_04"
],
"1": [
"xcl_family_flabebe_02",
"xcl_family_flabebe_03"
]
},
"gastly": {
"3": [
"xcl_family_gastly_00"
],
"2": [
"xcl_family_gastly_01"
],
"1": [
"xcl_family_gastly_02",
"xcl_family_gastly_03"
]
},
"haunter": {
"3": [
"xcl_family_gastly_00"
],
"2": [
"xcl_family_gastly_01"
],
"1": [
"xcl_family_gastly_02",
"xcl_family_gastly_03"
]
},
"gengar": {
"3": [
"xcl_family_gastly_00"
],
"2": [
"xcl_family_gastly_01"
],
"1": [
"xcl_family_gastly_02",
"xcl_family_gastly_03"
]
},
"geodude": {
"3": [
"xcl_family_geodude_00"
],
"2": [
"xcl_family_geodude_01",
"xcl_family_geodude_04"
],
"1": [
"xcl_family_geodude_02",
"xcl_family_geodude_03"
]
},
"graveler": {
"3": [
"xcl_family_geodude_00"
],
"2": [
"xcl_family_geodude_01",
"xcl_family_geodude_04"
],
"1": [
"xcl_family_geodude_02",
"xcl_family_geodude_03"
]
},
"golem": {
"3": [
"xcl_family_geodude_00"
],
"2": [
"xcl_family_geodude_01",
"xcl_family_geodude_04"
],
"1": [
"xcl_family_geodude_02",
"xcl_family_geodude_03"
]
},
"gible": {
"3": [
"xcl_family_gible_00"
],
"2": [
"xcl_family_gible_01",
"xcl_family_gible_04"
],
"1": [
"xcl_family_gible_02",
"xcl_family_gible_03"
]
},
"gabite": {
"3": [
"xcl_family_gible_00"
],
"2": [
"xcl_family_gible_01",
"xcl_family_gible_04"
],
"1": [
"xcl_family_gible_02",
"xcl_family_gible_03"
]
},
"garchomp": {
"3": [
"xcl_family_gible_00"
],
"2": [
"xcl_family_gible_01",
"xcl_family_gible_04"
],
"1": [
"xcl_family_gible_02",
"xcl_family_gible_03"
]
},
"girafarig": {
"3": [
"xcl_family_girafarig_00"
],
"2": [
"xcl_family_girafarig_01",
"xcl_family_girafarig_04"
],
"1": [
"xcl_family_girafarig_02",
"xcl_family_girafarig_03"
]
},
"farigiraf": {
"3": [
"xcl_family_girafarig_00"
],
"2": [
"xcl_family_girafarig_01",
"xcl_family_girafarig_04"
],
"1": [
"xcl_family_girafarig_02",
"xcl_family_girafarig_03"
]
},
"giratina": {
"3": [
"xcl_family_giratina_00"
],
"2": [
"xcl_family_giratina_01",
"xcl_family_giratina_04"
],
"1": [
"xcl_family_giratina_02",
"xcl_family_giratina_03"
]
},
"glameow": {
"3": [
"xcl_family_glameow_00"
],
"2": [
"xcl_family_glameow_01"
],
"1": [
"xcl_family_glameow_02",
"xcl_family_glameow_03"
]
},
"purugly": {
"3": [
"xcl_family_glameow_00"
],
"2": [
"xcl_family_glameow_01"
],
"1": [
"xcl_family_glameow_02",
"xcl_family_glameow_03"
]
},
"gligar": {
"3": [
"xcl_family_gligar_00"
],
"2": [
"xcl_family_gligar_01"
],
"1": [
"xcl_family_gligar_02",
"xcl_family_gligar_03"
]
},
"gliscor": {
"3": [
"xcl_family_gligar_00"
],
"2": [
"xcl_family_gligar_01"
],
"1": [
"xcl_family_gligar_02",
"xcl_family_gligar_03"
]
},
"glimmet": {
"3": [
"xcl_family_glimmet_00"
],
"2": [
"xcl_family_glimmet_01"
],
"1": [
"xcl_family_glimmet_02",
"xcl_family_glimmet_03"
]
},
"glimmora": {
"3": [
"xcl_family_glimmet_00"
],
"2": [
"xcl_family_glimmet_01"
],
"1": [
"xcl_family_glimmet_02",
"xcl_family_glimmet_03"
]
},
"goldeen": {
"3": [
"xcl_family_goldeen_00"
],
"2": [
"xcl_family_goldeen_01",
"xcl_family_goldeen_04"
],
"1": [
"xcl_family_goldeen_02",
"xcl_family_goldeen_03"
]
},
"seaking": {
"3": [
"xcl_family_goldeen_00"
],
"2": [
"xcl_family_goldeen_01",
"xcl_family_goldeen_04"
],
"1": [
"xcl_family_goldeen_02",
"xcl_family_goldeen_03"
]
},
"grimer": {
"3": [
"xcl_family_grimer_00"
],
"2": [
"xcl_family_grimer_01",
"xcl_family_grimer_04"
],
"1": [
"xcl_family_grimer_02",
"xcl_family_grimer_03"
]
},
"muk": {
"3": [
"xcl_family_grimer_00"
],
"2": [
"xcl_family_grimer_01",
"xcl_family_grimer_04"
],
"1": [
"xcl_family_grimer_02",
"xcl_family_grimer_03"
]
},
"groudon": {
"3": [
"xcl_family_groudon_00"
],
"2": [
"xcl_family_groudon_01"
],
"1": [
"xcl_family_groudon_02",
"xcl_family_groudon_03"
]
},
"growlithe": {
"3": [
"xcl_family_growlithe_00"
],
"2": [
"xcl_family_growlithe_01",
"xcl_family_growlithe_04"
],
"1": [
"xcl_family_growlithe_02",
"xcl_family_growlithe_03"
]
},
"arcanine": {
"3": [
"xcl_family_growlithe_00"
],
"2": [
"xcl_family_growlithe_01",
"xcl_family_growlithe_04"
],
"1": [
"xcl_family_growlithe_02",
"xcl_family_growlithe_03"
]
},
"gulpin": {
"3": [
"xcl_family_gulpin_00"
],
"2": [
"xcl_family_gulpin_01"
],
"1": [
"xcl_family_gulpin_02",
"xcl_family_gulpin_03"
]
},
"swalot": {
"3": [
"xcl_family_gulpin_00"
],
"2": [
"xcl_family_gulpin_01"
],
"1": [
"xcl_family_gulpin_02",
"xcl_family_gulpin_03"
]
},
"hatenna": {
"3": [
"xcl_family_hatenna_00"
],
"2": [
"xcl_family_hatenna_01",
"xcl_family_hatenna_04"
],
"1": [
"xcl_family_hatenna_02",
"xcl_family_hatenna_03"
]
},
"hattrem": {
"3": [
"xcl_family_hatenna_00"
],
"2": [
"xcl_family_hatenna_01",
"xcl_family_hatenna_04"
],
"1": [
"xcl_family_hatenna_02",
"xcl_family_hatenna_03"
]
},
"hatterene": {
"3": [
"xcl_family_hatenna_00"
],
"2": [
"xcl_family_hatenna_01",
"xcl_family_hatenna_04"
],
"1": [
"xcl_family_hatenna_02",
"xcl_family_hatenna_03"
]
},
"heatran": {
"3": [
"xcl_family_heatran_00"
],
"2": [
"xcl_family_heatran_01",
"xcl_family_heatran_04"
],
"1": [
"xcl_family_heatran_02",
"xcl_family_heatran_03"
]
},
"heracross": {
"3": [
"xcl_family_heracross_00"
],
"2": [
"xcl_family_heracross_01",
"xcl_family_heracross_04"
],
"1": [
"xcl_family_heracross_02",
"xcl_family_heracross_03"
]
},
"hippopotas": {
"3": [
"xcl_family_hippopotas_00"
],
"2": [
"xcl_family_hippopotas_01"
],
"1": [
"xcl_family_hippopotas_02",
"xcl_family_hippopotas_03"
]
},
"hippowdon": {
"3": [
"xcl_family_hippopotas_00"
],
"2": [
"xcl_family_hippopotas_01"
],
"1": [
"xcl_family_hippopotas_02",
"xcl_family_hippopotas_03"
]
},
"ho_oh": {
"3": [
"xcl_family_ho_oh_beasts_00"
],
"2": [
"xcl_family_ho_oh_beasts_01",
"xcl_family_ho_oh_beasts_04"
],
"1": [
"xcl_family_ho_oh_beasts_02",
"xcl_family_ho_oh_beasts_03",
"xcl_family_ho_oh_beasts_05"
]
},
"raikou": {
"3": [
"xcl_family_ho_oh_beasts_06"
],
"2": [
"xcl_family_ho_oh_beasts_07",
"xcl_family_ho_oh_beasts_18"
],
"1": [
"xcl_family_ho_oh_beasts_08",
"xcl_family_ho_oh_beasts_09"
]
},
"entei": {
"3": [
"xcl_family_ho_oh_beasts_10"
],
"2": [
"xcl_family_ho_oh_beasts_11",
"xcl_family_ho_oh_beasts_18"
],
"1": [
"xcl_family_ho_oh_beasts_12",
"xcl_family_ho_oh_beasts_13"
]
},
"suicune": {
"3": [
"xcl_family_ho_oh_beasts_14"
],
"2": [
"xcl_family_ho_oh_beasts_15",
"xcl_family_ho_oh_beasts_18"
],
"1": [
"xcl_family_ho_oh_beasts_16",
"xcl_family_ho_oh_beasts_17"
]
},
"honedge": {
"3": [
"xcl_family_honedge_00"
],
"2": [
"xcl_family_honedge_01"
],
"1": [
"xcl_family_honedge_02",
"xcl_family_honedge_03"
]
},
"doublade": {
"3": [
"xcl_family_honedge_00"
],
"2": [
"xcl_family_honedge_01"
],
"1": [
"xcl_family_honedge_02",
"xcl_family_honedge_03"
]
},
"aegislash": {
"3": [
"xcl_family_honedge_00"
],
"2": [
"xcl_family_honedge_01"
],
"1": [
"xcl_family_honedge_02",
"xcl_family_honedge_03"
]
},
"hoothoot": {
"3": [
"xcl_family_hoothoot_00"
],
"2": [
"xcl_family_hoothoot_01"
],
"1": [
"xcl_family_hoothoot_02",
"xcl_family_hoothoot_03"
]
},
"noctowl": {
"3": [
"xcl_family_hoothoot_00"
],
"2": [
"xcl_family_hoothoot_01"
],
"1": [
"xcl_family_hoothoot_02",
"xcl_family_hoothoot_03"
]
},
"hoppip": {
"3": [
"xcl_family_hoppip_00"
],
"2": [
"xcl_family_hoppip_01",
"xcl_family_hoppip_04"
],
"1": [
"xcl_family_hoppip_02",
"xcl_family_hoppip_03"
]
},
"skiploom": {
"3": [
"xcl_family_hoppip_00"
],
"2": [
"xcl_family_hoppip_01",
"xcl_family_hoppip_04"
],
"1": [
"xcl_family_hoppip_02",
"xcl_family_hoppip_03"
]
},
"jumpluff": {
"3": [
"xcl_family_hoppip_00"
],
"2": [
"xcl_family_hoppip_01",
"xcl_family_hoppip_04"
],
"1": [
"xcl_family_hoppip_02",
"xcl_family_hoppip_03"
]
},
"horsea": {
"3": [
"xcl_family_horsea_00"
],
"2": [
"xcl_family_horsea_01"
],
"1": [
"xcl_family_horsea_02",
"xcl_family_horsea_03"
]
},
"seadra": {
"3": [
"xcl_family_horsea_00"
],
"2": [
"xcl_family_horsea_01"
],
"1": [
"xcl_family_horsea_02",
"xcl_family_horsea_03"
]
},
"kingdra": {
"3": [
"xcl_family_horsea_00"
],
"2": [
"xcl_family_horsea_01"
],
"1": [
"xcl_family_horsea_02",
"xcl_family_horsea_03"
]
},
"houndour": {
"3": [
"xcl_family_houndour_00"
],
"2": [
"xcl_family_houndour_01"
],
"1": [
"xcl_family_houndour_02",
"xcl_family_houndour_03"
]
},
"houndoom": {
"3": [
"xcl_family_houndour_00"
],
"2": [
"xcl_family_houndour_01"
],
"1": [
"xcl_family_houndour_02",
"xcl_family_houndour_03"
]
},
"igglybuff": {
"3": [
"xcl_family_jigglypuff_00"
],
"2": [
"xcl_family_jigglypuff_01",
"xcl_family_jigglypuff_04"
],
"1": [
"xcl_family_jigglypuff_02",
"xcl_family_jigglypuff_03"
]
},
"jigglypuff": {
"3": [
"xcl_family_jigglypuff_00"
],
"2": [
"xcl_family_jigglypuff_01",
"xcl_family_jigglypuff_04"
],
"1": [
"xcl_family_jigglypuff_02",
"xcl_family_jigglypuff_03"
]
},
"wigglytuff": {
"3": [
"xcl_family_jigglypuff_00"
],
"2": [
"xcl_family_jigglypuff_01",
"xcl_family_jigglypuff_04"
],
"1": [
"xcl_family_jigglypuff_02",
"xcl_family_jigglypuff_03"
]
},
"jirachi": {
"3": [
"xcl_family_jirachi_00"
],
"2": [
"xcl_family_jirachi_01",
"xcl_family_jirachi_04"
],
"1": [
"xcl_family_jirachi_02",
"xcl_family_jirachi_03"
]
},
"smoochum": {
"3": [
"xcl_family_jynx_00"
],
"2": [
"xcl_family_jynx_01",
"xcl_family_jynx_04"
],
"1": [
"xcl_family_jynx_02",
"xcl_family_jynx_03"
]
},
"jynx": {
"3": [
"xcl_family_jynx_00"
],
"2": [
"xcl_family_jynx_01",
"xcl_family_jynx_04"
],
"1": [
"xcl_family_jynx_02",
"xcl_family_jynx_03"
]
},
"kabuto": {
"3": [
"xcl_family_kabuto_00"
],
"2": [
"xcl_family_kabuto_01"
],
"1": [
"xcl_family_kabuto_02",
"xcl_family_kabuto_03"
]
},
"kabutops": {
"3": [
"xcl_family_kabuto_00"
],
"2": [
"xcl_family_kabuto_01"
],
"1": [
"xcl_family_kabuto_02",
"xcl_family_kabuto_03"
]
},
"kangaskhan": {
"3": [
"xcl_family_kangaskhan_00"
],
"2": [
"xcl_family_kangaskhan_01",
"xcl_family_kangaskhan_04"
],
"1": [
"xcl_family_kangaskhan_02",
"xcl_family_kangaskhan_03"
]
},
"kecleon": {
"3": [
"xcl_family_kecleon_00"
],
"2": [
"xcl_family_kecleon_01",
"xcl_family_kecleon_04"
],
"1": [
"xcl_family_kecleon_02",
"xcl_family_kecleon_03"
]
},
"klefki": {
"3": [
"xcl_family_klefki_00"
],
"2": [
"xcl_family_klefki_01"
],
"1": [
"xcl_family_klefki_02",
"xcl_family_klefki_03"
]
},
"koffing": {
"3": [
"xcl_family_koffing_00"
],
"2": [
"xcl_family_koffing_01"
],
"1": [
"xcl_family_koffing_02",
"xcl_family_koffing_03"
]
},
"weezing": {
"3": [
"xcl_family_koffing_00"
],
"2": [
"xcl_family_koffing_01"
],
"1": [
"xcl_family_koffing_02",
"xcl_family_koffing_03"
]
},
"krabby": {
"3": [
"xcl_family_krabby_00"
],
"2": [
"xcl_family_krabby_01",
"xcl_family_krabby_04"
],
"1": [
"xcl_family_krabby_02",
"xcl_family_krabby_03"
]
},
"kingler": {
"3": [
"xcl_family_krabby_00"
],
"2": [
"xcl_family_krabby_01",
"xcl_family_krabby_04"
],
"1": [
"xcl_family_krabby_02",
"xcl_family_krabby_03"
]
},
"kricketot": {
"3": [
"xcl_family_kricketot_00"
],
"2": [
"xcl_family_kricketot_01"
],
"1": [
"xcl_family_kricketot_02",
"xcl_family_kricketot_03"
]
},
"kricketune": {
"3": [
"xcl_family_kricketot_00"
],
"2": [
"xcl_family_kricketot_01"
],
"1": [
"xcl_family_kricketot_02",
"xcl_family_kricketot_03"
]
},
"kyogre": {
"3": [
"xcl_family_kyogre_00"
],
"2": [
"xcl_family_kyogre_01"
],
"1": [
"xcl_family_kyogre_02",
"xcl_family_kyogre_03"
]
},
"uxie": {
"3": [
"xcl_family_lake_trio_00",
"xcl_family_lake_trio_08"
],
"2": [
"xcl_family_lake_trio_01",
"xcl_family_lake_trio_09"
],
"1": [
"xcl_family_lake_trio_06",
"xcl_family_lake_trio_07"
]
},
"mesprit": {
"3": [
"xcl_family_lake_trio_02",
"xcl_family_lake_trio_08"
],
"2": [
"xcl_family_lake_trio_03",
"xcl_family_lake_trio_09"
],
"1": [
"xcl_family_lake_trio_06",
"xcl_family_lake_trio_07"
]
},
"azelf": {
"3": [
"xcl_family_lake_trio_04",
"xcl_family_lake_trio_08"
],
"2": [
"xcl_family_lake_trio_05",
"xcl_family_lake_trio_09"
],
"1": [
"xcl_family_lake_trio_06",
"xcl_family_lake_trio_07"
]
},
"lapras": {
"3": [
"xcl_family_lapras_00"
],
"2": [
"xcl_family_lapras_01"
],
"1": [
"xcl_family_lapras_02",
"xcl_family_lapras_03"
]
},
"larvesta": {
"3": [
"xcl_family_larvesta_00"
],
"2": [
"xcl_family_larvesta_01",
"xcl_family_larvesta_04"
],
"1": [
"xcl_family_larvesta_02",
"xcl_family_larvesta_03"
]
},
"volcarona": {
"3": [
"xcl_family_larvesta_00"
],
"2": [
"xcl_family_larvesta_01",
"xcl_family_larvesta_04"
],
"1": [
"xcl_family_larvesta_02",
"xcl_family_larvesta_03"
]
},
"larvitar": {
"3": [
"xcl_family_larvitar_00"
],
"2": [
"xcl_family_larvitar_01",
"xcl_family_larvitar_04"
],
"1": [
"xcl_family_larvitar_02",
"xcl_family_larvitar_03"
]
},
"pupitar": {
"3": [
"xcl_family_larvitar_00"
],
"2": [
"xcl_family_larvitar_01",
"xcl_family_larvitar_04"
],
"1": [
"xcl_family_larvitar_02",
"xcl_family_larvitar_03"
]
},
"tyranitar": {
"3": [
"xcl_family_larvitar_00"
],
"2": [
"xcl_family_larvitar_01",
"xcl_family_larvitar_04"
],
"1": [
"xcl_family_larvitar_02",
"xcl_family_larvitar_03"
]
},
"latias": {
"3": [
"xcl_family_lati_duo_00"
],
"2": [
"xcl_family_lati_duo_01",
"xcl_family_lati_duo_06"
],
"1": [
"xcl_family_lati_duo_04",
"xcl_family_lati_duo_05"
]
},
"latios": {
"3": [
"xcl_family_lati_duo_02"
],
"2": [
"xcl_family_lati_duo_03",
"xcl_family_lati_duo_06"
],
"1": [
"xcl_family_lati_duo_04",
"xcl_family_lati_duo_05"
]
},
"ledyba": {
"3": [
"xcl_family_ledyba_00"
],
"2": [
"xcl_family_ledyba_01"
],
"1": [
"xcl_family_ledyba_02",
"xcl_family_ledyba_03"
]
},
"ledian": {
"3": [
"xcl_family_ledyba_00"
],
"2": [
"xcl_family_ledyba_01"
],
"1": [
"xcl_family_ledyba_02",
"xcl_family_ledyba_03"
]
},
"lickitung": {
"3": [
"xcl_family_lickitung_00"
],
"2": [
"xcl_family_lickitung_01"
],
"1": [
"xcl_family_lickitung_02",
"xcl_family_lickitung_03"
]
},
"lickilicky": {
"3": [
"xcl_family_lickitung_00"
],
"2": [
"xcl_family_lickitung_01"
],
"1": [
"xcl_family_lickitung_02",
"xcl_family_lickitung_03"
]
},
"lileep": {
"3": [
"xcl_family_lileep_00"
],
"2": [
"xcl_family_lileep_01"
],
"1": [
"xcl_family_lileep_02",
"xcl_family_lileep_03"
]
},
"cradily": {
"3": [
"xcl_family_lileep_00"
],
"2": [
"xcl_family_lileep_01"
],
"1": [
"xcl_family_lileep_02",
"xcl_family_lileep_03"
]
},
"lotad": {
"3": [
"xcl_family_lotad_00"
],
"2": [
"xcl_family_lotad_01"
],
"1": [
"xcl_family_lotad_02",
"xcl_family_lotad_03"
]
},
"lombre": {
"3": [
"xcl_family_lotad_00"
],
"2": [
"xcl_family_lotad_01"
],
"1": [
"xcl_family_lotad_02",
"xcl_family_lotad_03"
]
},
"ludicolo": {
"3": [
"xcl_family_lotad_00"
],
"2": [
"xcl_family_lotad_01"
],
"1": [
"xcl_family_lotad_02",
"xcl_family_lotad_03"
]
},
"lugia": {
"3": [
"xcl_family_lugia_00"
],
"2": [
"xcl_family_lugia_01",
"xcl_family_lugia_04"
],
"1": [
"xcl_family_lugia_02",
"xcl_family_lugia_03"
]
},
"lunatone": {
"3": [
"xcl_family_lunatone_solrock_00"
],
"1": [
"xcl_family_lunatone_solrock_02",
"xcl_family_lunatone_solrock_03"
],
"2": [
"xcl_family_lunatone_solrock_04",
"xcl_family_lunatone_solrock_05"
]
},
"solrock": {
"3": [
"xcl_family_lunatone_solrock_01"
],
"1": [
"xcl_family_lunatone_solrock_02",
"xcl_family_lunatone_solrock_03"
],
"2": [
"xcl_family_lunatone_solrock_04",
"xcl_family_lunatone_solrock_05"
]
},
"luvdisc": {
"3": [
"xcl_family_luvdisc_00"
],
"2": [
"xcl_family_luvdisc_01",
"xcl_family_luvdisc_04"
],
"1": [
"xcl_family_luvdisc_02",
"xcl_family_luvdisc_03"
]
},
"machop": {
"3": [
"xcl_family_machop_00"
],
"2": [
"xcl_family_machop_01"
],
"1": [
"xcl_family_machop_02",
"xcl_family_machop_03"
]
},
"machoke": {
"3": [
"xcl_family_machop_00"
],
"2": [
"xcl_family_machop_01"
],
"1": [
"xcl_family_machop_02",
"xcl_family_machop_03"
]
},
"machamp": {
"3": [
"xcl_family_machop_00"
],
"2": [
"xcl_family_machop_01"
],
"1": [
"xcl_family_machop_02",
"xcl_family_machop_03"
]
},
"magikarp": {
"3": [
"xcl_family_magikarp_00"
],
"2": [
"xcl_family_magikarp_01"
],
"1": [
"xcl_family_magikarp_02",
"xcl_family_magikarp_03"
]
},
"gyarados": {
"3": [
"xcl_family_magikarp_00"
],
"2": [
"xcl_family_magikarp_01"
],
"1": [
"xcl_family_magikarp_02",
"xcl_family_magikarp_03"
]
},
"magby": {
"3": [
"xcl_family_magmar_00"
],
"2": [
"xcl_family_magmar_01",
"xcl_family_magmar_04"
],
"1": [
"xcl_family_magmar_02",
"xcl_family_magmar_03"
]
},
"magmar": {
"3": [
"xcl_family_magmar_00"
],
"2": [
"xcl_family_magmar_01",
"xcl_family_magmar_04"
],
"1": [
"xcl_family_magmar_02",
"xcl_family_magmar_03"
]
},
"magmortar": {
"3": [
"xcl_family_magmar_00"
],
"2": [
"xcl_family_magmar_01",
"xcl_family_magmar_04"
],
"1": [
"xcl_family_magmar_02",
"xcl_family_magmar_03"
]
},
"magnemite": {
"3": [
"xcl_family_magnemite_00"
],
"2": [
"xcl_family_magnemite_01"
],
"1": [
"xcl_family_magnemite_02",
"xcl_family_magnemite_03"
]
},
"magneton": {
"3": [
"xcl_family_magnemite_00"
],
"2": [
"xcl_family_magnemite_01"
],
"1": [
"xcl_family_magnemite_02",
"xcl_family_magnemite_03"
]
},
"magnezone": {
"3": [
"xcl_family_magnemite_00"
],
"2": [
"xcl_family_magnemite_01"
],
"1": [
"xcl_family_magnemite_02",
"xcl_family_magnemite_03"
]
},
"makuhita": {
"3": [
"xcl_family_makuhita_00"
],
"2": [
"xcl_family_makuhita_01",
"xcl_family_makuhita_04"
],
"1": [
"xcl_family_makuhita_02",
"xcl_family_makuhita_03"
]
},
"hariyama": {
"3": [
"xcl_family_makuhita_00"
],
"2": [
"xcl_family_makuhita_01",
"xcl_family_makuhita_04"
],
"1": [
"xcl_family_makuhita_02",
"xcl_family_makuhita_03"
]
},
"manaphy": {
"3": [
"xcl_family_manaphy_phione_00"
],
"2": [
"xcl_family_manaphy_phione_02",
"xcl_family_manaphy_phione_05"
],
"1": [
"xcl_family_manaphy_phione_03",
"xcl_family_manaphy_phione_04"
]
},
"phione": {
"3": [
"xcl_family_manaphy_phione_01"
],
"2": [
"xcl_family_manaphy_phione_02",
"xcl_family_manaphy_phione_05"
],
"1": [
"xcl_family_manaphy_phione_03",
"xcl_family_manaphy_phione_04"
]
},
"mankey": {
"3": [
"xcl_family_mankey_00"
],
"2": [
"xcl_family_mankey_01"
],
"1": [
"xcl_family_mankey_02",
"xcl_family_mankey_03"
]
},
"primeape": {
"3": [
"xcl_family_mankey_00"
],
"2": [
"xcl_family_mankey_01"
],
"1": [
"xcl_family_mankey_02",
"xcl_family_mankey_03"
]
},
"annihilape": {
"3": [
"xcl_family_mankey_00"
],
"2": [
"xcl_family_mankey_01"
],
"1": [
"xcl_family_mankey_02",
"xcl_family_mankey_03"
]
},
"mantyke": {
"3": [
"xcl_family_mantine_00"
],
"2": [
"xcl_family_mantine_01",
"xcl_family_mantine_04"
],
"1": [
"xcl_family_mantine_02",
"xcl_family_mantine_03"
]
},
"mantine": {
"3": [
"xcl_family_mantine_00"
],
"2": [
"xcl_family_mantine_01",
"xcl_family_mantine_04"
],
"1": [
"xcl_family_mantine_02",
"xcl_family_mantine_03"
]
},
"mareep": {
"3": [
"xcl_family_mareep_00"
],
"2": [
"xcl_family_mareep_01",
"xcl_family_mareep_04"
],
"1": [
"xcl_family_mareep_02",
"xcl_family_mareep_03"
]
},
"flaaffy": {
"3": [
"xcl_family_mareep_00"
],
"2": [
"xcl_family_mareep_01",
"xcl_family_mareep_04"
],
"1": [
"xcl_family_mareep_02",
"xcl_family_mareep_03"
]
},
"ampharos": {
"3": [
"xcl_family_mareep_00"
],
"2": [
"xcl_family_mareep_01",
"xcl_family_mareep_04"
],
"1": [
"xcl_family_mareep_02",
"xcl_family_mareep_03"
]
},
"azurill": {
"3": [
"xcl_family_marill_00"
],
"2": [
"xcl_family_marill_01",
"xcl_family_marill_04"
],
"1": [
"xcl_family_marill_02",
"xcl_family_marill_03"
]
},
"marill": {
"3": [
"xcl_family_marill_00"
],
"2": [
"xcl_family_marill_01",
"xcl_family_marill_04"
],
"1": [
"xcl_family_marill_02",
"xcl_family_marill_03"
]
},
"azumarill": {
"3": [
"xcl_family_marill_00"
],
"2": [
"xcl_family_marill_01",
"xcl_family_marill_04"
],
"1": [
"xcl_family_marill_02",
"xcl_family_marill_03"
]
},
"mawile": {
"3": [
"xcl_family_mawile_00"
],
"2": [
"xcl_family_mawile_01",
"xcl_family_mawile_04"
],
"1": [
"xcl_family_mawile_02",
"xcl_family_mawile_03"
]
},
"meditite": {
"3": [
"xcl_family_meditite_00"
],
"2": [
"xcl_family_meditite_01"
],
"1": [
"xcl_family_meditite_02",
"xcl_family_meditite_03"
]
},
"medicham": {
"3": [
"xcl_family_meditite_00"
],
"2": [
"xcl_family_meditite_01"
],
"1": [
"xcl_family_meditite_02",
"xcl_family_meditite_03"
]
},
"meowth": {
"3": [
"xcl_family_meowth_00"
],
"2": [
"xcl_family_meowth_01",
"xcl_family_meowth_04"
],
"1": [
"xcl_family_meowth_02",
"xcl_family_meowth_03"
]
},
"persian": {
"3": [
"xcl_family_meowth_00"
],
"2": [
"xcl_family_meowth_01",
"xcl_family_meowth_04"
],
"1": [
"xcl_family_meowth_02",
"xcl_family_meowth_03"
]
},
"mewtwo": {
"3": [
"xcl_family_mew_duo_00"
],
"2": [
"xcl_family_mew_duo_01",
"xcl_family_mew_duo_03"
],
"1": [
"xcl_family_mew_duo_02",
"xcl_family_mew_duo_07"
]
},
"mew": {
"3": [
"xcl_family_mew_duo_05"
],
"2": [
"xcl_family_mew_duo_06",
"xcl_family_mew_duo_09"
],
"1": [
"xcl_family_mew_duo_07",
"xcl_family_mew_duo_08"
]
},
"misdreavus": {
"3": [
"xcl_family_misdreavus_00"
],
"2": [
"xcl_family_misdreavus_01"
],
"1": [
"xcl_family_misdreavus_02",
"xcl_family_misdreavus_03"
]
},
"mismagius": {
"3": [
"xcl_family_misdreavus_00"
],
"2": [
"xcl_family_misdreavus_01"
],
"1": [
"xcl_family_misdreavus_02",
"xcl_family_misdreavus_03"
]
},
"mime_jr": {
"3": [
"xcl_family_mr_mime_00"
],
"2": [
"xcl_family_mr_mime_01",
"xcl_family_mr_mime_04"
],
"1": [
"xcl_family_mr_mime_02",
"xcl_family_mr_mime_03"
]
},
"mr_mime": {
"3": [
"xcl_family_mr_mime_00"
],
"2": [
"xcl_family_mr_mime_01",
"xcl_family_mr_mime_04"
],
"1": [
"xcl_family_mr_mime_02",
"xcl_family_mr_mime_03"
]
},
"mudkip": {
"3": [
"xcl_family_mudkip_00"
],
"2": [
"xcl_family_mudkip_01",
"xcl_family_mudkip_04"
],
"1": [
"xcl_family_mudkip_02",
"xcl_family_mudkip_03"
]
},
"marshtomp": {
"3": [
"xcl_family_mudkip_00"
],
"2": [
"xcl_family_mudkip_01",
"xcl_family_mudkip_04"
],
"1": [
"xcl_family_mudkip_02",
"xcl_family_mudkip_03"
]
},
"swampert": {
"3": [
"xcl_family_mudkip_00"
],
"2": [
"xcl_family_mudkip_01",
"xcl_family_mudkip_04"
],
"1": [
"xcl_family_mudkip_02",
"xcl_family_mudkip_03"
]
},
"murkrow": {
"3": [
"xcl_family_murkrow_00"
],
"2": [
"xcl_family_murkrow_01",
"xcl_family_murkrow_04"
],
"1": [
"xcl_family_murkrow_02",
"xcl_family_murkrow_03"
]
},
"honchkrow": {
"3": [
"xcl_family_murkrow_00"
],
"2": [
"xcl_family_murkrow_01",
"xcl_family_murkrow_04"
],
"1": [
"xcl_family_murkrow_02",
"xcl_family_murkrow_03"
]
},
"natu": {
"3": [
"xcl_family_natu_00"
],
"2": [
"xcl_family_natu_01"
],
"1": [
"xcl_family_natu_02",
"xcl_family_natu_03"
]
},
"xatu": {
"3": [
"xcl_family_natu_00"
],
"2": [
"xcl_family_natu_01"
],
"1": [
"xcl_family_natu_02",
"xcl_family_natu_03"
]
},
"nidoran_f": {
"3": [
"xcl_family_nidoran_00"
],
"2": [
"xcl_family_nidoran_01",
"xcl_family_nidoran_04",
"xcl_family_nidoran_05"
],
"1": [
"xcl_family_nidoran_02",
"xcl_family_nidoran_03"
]
},
"nidorina": {
"3": [
"xcl_family_nidoran_00"
],
"2": [
"xcl_family_nidoran_01",
"xcl_family_nidoran_04",
"xcl_family_nidoran_05"
],
"1": [
"xcl_family_nidoran_02",
"xcl_family_nidoran_03"
]
},
"nidoqueen": {
"3": [
"xcl_family_nidoran_00"
],
"2": [
"xcl_family_nidoran_01",
"xcl_family_nidoran_04",
"xcl_family_nidoran_05"
],
"1": [
"xcl_family_nidoran_02",
"xcl_family_nidoran_03"
]
},
"nidoran_m": {
"2": [
"xcl_family_nidoran_01",
"xcl_family_nidoran_04",
"xcl_family_nidoran_05"
],
"1": [
"xcl_family_nidoran_02",
"xcl_family_nidoran_03"
],
"3": [
"xcl_family_nidoran_06"
]
},
"nidorino": {
"2": [
"xcl_family_nidoran_01",
"xcl_family_nidoran_04",
"xcl_family_nidoran_05"
],
"1": [
"xcl_family_nidoran_02",
"xcl_family_nidoran_03"
],
"3": [
"xcl_family_nidoran_06"
]
},
"nidoking": {
"2": [
"xcl_family_nidoran_01",
"xcl_family_nidoran_04",
"xcl_family_nidoran_05"
],
"1": [
"xcl_family_nidoran_02",
"xcl_family_nidoran_03"
],
"3": [
"xcl_family_nidoran_06"
]
},
"nincada": {
"3": [
"xcl_family_nincada_00"
],
"2": [
"xcl_family_nincada_01",
"xcl_family_nincada_04"
],
"1": [
"xcl_family_nincada_02",
"xcl_family_nincada_03"
]
},
"ninjask": {
"3": [
"xcl_family_nincada_00"
],
"2": [
"xcl_family_nincada_01",
"xcl_family_nincada_04"
],
"1": [
"xcl_family_nincada_02",
"xcl_family_nincada_03"
]
},
"shedinja": {
"1": [
"xcl_family_nincada_02",
"xcl_family_nincada_03"
],
"2": [
"xcl_family_nincada_04",
"xcl_family_nincada_05"
],
"3": [
"xcl_family_nincada_06"
]
},
"noibat": {
"3": [
"xcl_family_noibat_00"
],
"2": [
"xcl_family_noibat_01",
"xcl_family_noibat_04"
],
"1": [
"xcl_family_noibat_02",
"xcl_family_noibat_03"
]
},
"noivern": {
"3": [
"xcl_family_noibat_00"
],
"2": [
"xcl_family_noibat_01",
"xcl_family_noibat_04"
],
"1": [
"xcl_family_noibat_02",
"xcl_family_noibat_03"
]
},
"nosepass": {
"3": [
"xcl_family_nosepass_00"
],
"2": [
"xcl_family_nosepass_01",
"xcl_family_nosepass_04"
],
"1": [
"xcl_family_nosepass_02",
"xcl_family_nosepass_03"
]
},
"probopass": {
"3": [
"xcl_family_nosepass_00"
],
"2": [
"xcl_family_nosepass_01",
"xcl_family_nosepass_04"
],
"1": [
"xcl_family_nosepass_02",
"xcl_family_nosepass_03"
]
},
"numel": {
"3": [
"xcl_family_numel_00"
],
"2": [
"xcl_family_numel_01",
"xcl_family_numel_04"
],
"1": [
"xcl_family_numel_02",
"xcl_family_numel_03"
]
},
"camerupt": {
"3": [
"xcl_family_numel_00"
],
"2": [
"xcl_family_numel_01",
"xcl_family_numel_04"
],
"1": [
"xcl_family_numel_02",
"xcl_family_numel_03"
]
},
"oddish": {
"3": [
"xcl_family_oddish_00",
"xcl_family_oddish_01"
],
"1": [
"xcl_family_oddish_02",
"xcl_family_oddish_03"
],
"2": [
"xcl_family_oddish_04"
]
},
"gloom": {
"3": [
"xcl_family_oddish_00",
"xcl_family_oddish_01"
],
"1": [
"xcl_family_oddish_02",
"xcl_family_oddish_03"
],
"2": [
"xcl_family_oddish_04"
]
},
"vileplume": {
"3": [
"xcl_family_oddish_00",
"xcl_family_oddish_01"
],
"1": [
"xcl_family_oddish_02",
"xcl_family_oddish_03"
],
"2": [
"xcl_family_oddish_04"
]
},
"bellossom": {
"3": [
"xcl_family_oddish_00",
"xcl_family_oddish_01"
],
"1": [
"xcl_family_oddish_02",
"xcl_family_oddish_03"
],
"2": [
"xcl_family_oddish_04"
]
},
"omanyte": {
"3": [
"xcl_family_omanyte_00"
],
"2": [
"xcl_family_omanyte_01"
],
"1": [
"xcl_family_omanyte_02",
"xcl_family_omanyte_03"
]
},
"omastar": {
"3": [
"xcl_family_omanyte_00"
],
"2": [
"xcl_family_omanyte_01"
],
"1": [
"xcl_family_omanyte_02",
"xcl_family_omanyte_03"
]
},
"onix": {
"3": [
"xcl_family_onix_00"
],
"2": [
"xcl_family_onix_01",
"xcl_family_onix_04"
],
"1": [
"xcl_family_onix_02",
"xcl_family_onix_03"
]
},
"steelix": {
"3": [
"xcl_family_onix_00"
],
"2": [
"xcl_family_onix_01",
"xcl_family_onix_04"
],
"1": [
"xcl_family_onix_02",
"xcl_family_onix_03"
]
},
"oshawott": {
"3": [
"xcl_family_oshawott_00"
],
"2": [
"xcl_family_oshawott_01",
"xcl_family_oshawott_04"
],
"1": [
"xcl_family_oshawott_02",
"xcl_family_oshawott_03"
]
},
"dewott": {
"3": [
"xcl_family_oshawott_00"
],
"2": [
"xcl_family_oshawott_01",
"xcl_family_oshawott_04"
],
"1": [
"xcl_family_oshawott_02",
"xcl_family_oshawott_03"
]
},
"samurott": {
"3": [
"xcl_family_oshawott_00"
],
"2": [
"xcl_family_oshawott_01",
"xcl_family_oshawott_04"
],
"1": [
"xcl_family_oshawott_02",
"xcl_family_oshawott_03"
]
},
"pachirisu": {
"3": [
"xcl_family_pachirisu_00"
],
"2": [
"xcl_family_pachirisu_01",
"xcl_family_pachirisu_04"
],
"1": [
"xcl_family_pachirisu_02",
"xcl_family_pachirisu_03"
]
},
"palkia": {
"3": [
"xcl_family_palkia_00"
],
"2": [
"xcl_family_palkia_01",
"xcl_family_palkia_04"
],
"1": [
"xcl_family_palkia_02",
"xcl_family_palkia_03"
]
},
"paras": {
"3": [
"xcl_family_paras_00"
],
"2": [
"xcl_family_paras_01"
],
"1": [
"xcl_family_paras_02",
"xcl_family_paras_03"
]
},
"parasect": {
"3": [
"xcl_family_paras_00"
],
"2": [
"xcl_family_paras_01"
],
"1": [
"xcl_family_paras_02",
"xcl_family_paras_03"
]
},
"pawniard": {
"3": [
"xcl_family_pawniard_00"
],
"2": [
"xcl_family_pawniard_01",
"xcl_family_pawniard_04"
],
"1": [
"xcl_family_pawniard_02",
"xcl_family_pawniard_03"
]
},
"bisharp": {
"3": [
"xcl_family_pawniard_00"
],
"2": [
"xcl_family_pawniard_01",
"xcl_family_pawniard_04"
],
"1": [
"xcl_family_pawniard_02",
"xcl_family_pawniard_03"
]
},
"kingambit": {
"3": [
"xcl_family_pawniard_00"
],
"2": [
"xcl_family_pawniard_01",
"xcl_family_pawniard_04"
],
"1": [
"xcl_family_pawniard_02",
"xcl_family_pawniard_03"
]
},
"petilil": {
"3": [
"xcl_family_petilil_00"
],
"2": [
"xcl_family_petilil_01",
"xcl_family_petilil_04"
],
"1": [
"xcl_family_petilil_02",
"xcl_family_petilil_03"
]
},
"lilligant": {
"3": [
"xcl_family_petilil_00"
],
"2": [
"xcl_family_petilil_01",
"xcl_family_petilil_04"
],
"1": [
"xcl_family_petilil_02",
"xcl_family_petilil_03"
]
},
"phanpy": {
"3": [
"xcl_family_phanpy_00"
],
"2": [
"xcl_family_phanpy_01",
"xcl_family_phanpy_04"
],
"1": [
"xcl_family_phanpy_02",
"xcl_family_phanpy_03"
]
},
"donphan": {
"3": [
"xcl_family_phanpy_00"
],
"2": [
"xcl_family_phanpy_01",
"xcl_family_phanpy_04"
],
"1": [
"xcl_family_phanpy_02",
"xcl_family_phanpy_03"
]
},
"pidgey": {
"3": [
"xcl_family_pidgey_00"
],
"2": [
"xcl_family_pidgey_01",
"xcl_family_pidgey_04"
],
"1": [
"xcl_family_pidgey_02",
"xcl_family_pidgey_03"
]
},
"pidgeotto": {
"3": [
"xcl_family_pidgey_00"
],
"2": [
"xcl_family_pidgey_01",
"xcl_family_pidgey_04"
],
"1": [
"xcl_family_pidgey_02",
"xcl_family_pidgey_03"
]
},
"pidgeot": {
"3": [
"xcl_family_pidgey_00"
],
"2": [
"xcl_family_pidgey_01",
"xcl_family_pidgey_04"
],
"1": [
"xcl_family_pidgey_02",
"xcl_family_pidgey_03"
]
},
"pichu": {
"3": [
"xcl_family_pikachu_00"
],
"2": [
"xcl_family_pikachu_01",
"xcl_family_pikachu_04"
],
"1": [
"xcl_family_pikachu_02",
"xcl_family_pikachu_03"
]
},
"pikachu": {
"3": [
"xcl_family_pikachu_00"
],
"2": [
"xcl_family_pikachu_01",
"xcl_family_pikachu_04"
],
"1": [
"xcl_family_pikachu_02",
"xcl_family_pikachu_03"
]
},
"raichu": {
"3": [
"xcl_family_pikachu_00"
],
"2": [
"xcl_family_pikachu_01",
"xcl_family_pikachu_04"
],
"1": [
"xcl_family_pikachu_02",
"xcl_family_pikachu_03"
]
},
"pineco": {
"3": [
"xcl_family_pineco_00"
],
"2": [
"xcl_family_pineco_01",
"xcl_family_pineco_04"
],
"1": [
"xcl_family_pineco_02",
"xcl_family_pineco_03"
]
},
"forretress": {
"3": [
"xcl_family_pineco_00"
],
"2": [
"xcl_family_pineco_01",
"xcl_family_pineco_04"
],
"1": [
"xcl_family_pineco_02",
"xcl_family_pineco_03"
]
},
"pinsir": {
"3": [
"xcl_family_pinsir_00"
],
"2": [
"xcl_family_pinsir_01"
],
"1": [
"xcl_family_pinsir_02",
"xcl_family_pinsir_03"
]
},
"piplup": {
"3": [
"xcl_family_piplup_00"
],
"2": [
"xcl_family_piplup_01",
"xcl_family_piplup_04"
],
"1": [
"xcl_family_piplup_02",
"xcl_family_piplup_03"
]
},
"prinplup": {
"3": [
"xcl_family_piplup_00"
],
"2": [
"xcl_family_piplup_01",
"xcl_family_piplup_04"
],
"1": [
"xcl_family_piplup_02",
"xcl_family_piplup_03"
]
},
"empoleon": {
"3": [
"xcl_family_piplup_00"
],
"2": [
"xcl_family_piplup_01",
"xcl_family_piplup_04"
],
"1": [
"xcl_family_piplup_02",
"xcl_family_piplup_03"
]
},
"plusle": {
"3": [
"xcl_family_plusle_minun_00"
],
"1": [
"xcl_family_plusle_minun_02",
"xcl_family_plusle_minun_03"
],
"2": [
"xcl_family_plusle_minun_04",
"xcl_family_plusle_minun_05"
]
},
"minun": {
"3": [
"xcl_family_plusle_minun_01"
],
"1": [
"xcl_family_plusle_minun_02",
"xcl_family_plusle_minun_03"
],
"2": [
"xcl_family_plusle_minun_04",
"xcl_family_plusle_minun_05"
]
},
"poliwag": {
"3": [
"xcl_family_poliwag_00",
"xcl_family_poliwag_01"
],
"1": [
"xcl_family_poliwag_02",
"xcl_family_poliwag_03"
],
"2": [
"xcl_family_poliwag_04"
]
},
"poliwhirl": {
"3": [
"xcl_family_poliwag_00",
"xcl_family_poliwag_01"
],
"1": [
"xcl_family_poliwag_02",
"xcl_family_poliwag_03"
],
"2": [
"xcl_family_poliwag_04"
]
},
"poliwrath": {
"3": [
"xcl_family_poliwag_00",
"xcl_family_poliwag_01"
],
"1": [
"xcl_family_poliwag_02",
"xcl_family_poliwag_03"
],
"2": [
"xcl_family_poliwag_04"
]
},
"politoed": {
"3": [
"xcl_family_poliwag_00",
"xcl_family_poliwag_01"
],
"1": [
"xcl_family_poliwag_02",
"xcl_family_poliwag_03"
],
"2": [
"xcl_family_poliwag_04"
]
},
"ponyta": {
"3": [
"xcl_family_ponyta_00"
],
"2": [
"xcl_family_ponyta_01"
],
"1": [
"xcl_family_ponyta_02",
"xcl_family_ponyta_03"
]
},
"rapidash": {
"3": [
"xcl_family_ponyta_00"
],
"2": [
"xcl_family_ponyta_01"
],
"1": [
"xcl_family_ponyta_02",
"xcl_family_ponyta_03"
]
},
"poochyena": {
"3": [
"xcl_family_poochyena_00"
],
"2": [
"xcl_family_poochyena_01"
],
"1": [
"xcl_family_poochyena_02",
"xcl_family_poochyena_03"
]
},
"mightyena": {
"3": [
"xcl_family_poochyena_00"
],
"2": [
"xcl_family_poochyena_01"
],
"1": [
"xcl_family_poochyena_02",
"xcl_family_poochyena_03"
]
},
"porygon": {
"3": [
"xcl_family_porygon_00"
],
"2": [
"xcl_family_porygon_01",
"xcl_family_porygon_04"
],
"1": [
"xcl_family_porygon_02",
"xcl_family_porygon_03"
]
},
"porygon2": {
"3": [
"xcl_family_porygon_00"
],
"2": [
"xcl_family_porygon_01",
"xcl_family_porygon_04"
],
"1": [
"xcl_family_porygon_02",
"xcl_family_porygon_03"
]
},
"porygon_z": {
"3": [
"xcl_family_porygon_00"
],
"2": [
"xcl_family_porygon_01",
"xcl_family_porygon_04"
],
"1": [
"xcl_family_porygon_02",
"xcl_family_porygon_03"
]
},
"psyduck": {
"3": [
"xcl_family_psyduck_00"
],
"2": [
"xcl_family_psyduck_01"
],
"1": [
"xcl_family_psyduck_02",
"xcl_family_psyduck_03"
]
},
"golduck": {
"3": [
"xcl_family_psyduck_00"
],
"2": [
"xcl_family_psyduck_01"
],
"1": [
"xcl_family_psyduck_02",
"xcl_family_psyduck_03"
]
},
"qwilfish": {
"3": [
"xcl_family_qwilfish_00"
],
"2": [
"xcl_family_qwilfish_01"
],
"1": [
"xcl_family_qwilfish_02",
"xcl_family_qwilfish_03"
]
},
"overqwil": {
"3": [
"xcl_family_qwilfish_00"
],
"2": [
"xcl_family_qwilfish_01"
],
"1": [
"xcl_family_qwilfish_02",
"xcl_family_qwilfish_03"
]
},
"ralts": {
"3": [
"xcl_family_ralts_00",
"xcl_family_ralts_01"
],
"1": [
"xcl_family_ralts_02",
"xcl_family_ralts_03"
],
"2": [
"xcl_family_ralts_04"
]
},
"kirlia": {
"3": [
"xcl_family_ralts_00",
"xcl_family_ralts_01"
],
"1": [
"xcl_family_ralts_02",
"xcl_family_ralts_03"
],
"2": [
"xcl_family_ralts_04"
]
},
"gardevoir": {
"3": [
"xcl_family_ralts_00",
"xcl_family_ralts_01"
],
"1": [
"xcl_family_ralts_02",
"xcl_family_ralts_03"
],
"2": [
"xcl_family_ralts_04"
]
},
"gallade": {
"3": [
"xcl_family_ralts_00",
"xcl_family_ralts_01"
],
"1": [
"xcl_family_ralts_02",
"xcl_family_ralts_03"
],
"2": [
"xcl_family_ralts_04"
]
},
"rattata": {
"3": [
"xcl_family_rattata_00"
],
"2": [
"xcl_family_rattata_01",
"xcl_family_rattata_04"
],
"1": [
"xcl_family_rattata_02",
"xcl_family_rattata_03"
]
},
"raticate": {
"3": [
"xcl_family_rattata_00"
],
"2": [
"xcl_family_rattata_01",
"xcl_family_rattata_04"
],
"1": [
"xcl_family_rattata_02",
"xcl_family_rattata_03"
]
},
"rayquaza": {
"3": [
"xcl_family_rayquaza_00"
],
"2": [
"xcl_family_rayquaza_01"
],
"1": [
"xcl_family_rayquaza_02",
"xcl_family_rayquaza_03"
]
},
"regigigas": {
"3": [
"xcl_family_regi_trio_00",
"xcl_family_regi_trio_16"
],
"2": [
"xcl_family_regi_trio_01"
],
"1": [
"xcl_family_regi_trio_02",
"xcl_family_regi_trio_03"
]
},
"regirock": {
"3": [
"xcl_family_regi_trio_04",
"xcl_family_regi_trio_16"
],
"2": [
"xcl_family_regi_trio_05"
],
"1": [
"xcl_family_regi_trio_06",
"xcl_family_regi_trio_07"
]
},
"regice": {
"3": [
"xcl_family_regi_trio_08",
"xcl_family_regi_trio_16"
],
"2": [
"xcl_family_regi_trio_09"
],
"1": [
"xcl_family_regi_trio_10",
"xcl_family_regi_trio_11"
]
},
"registeel": {
"3": [
"xcl_family_regi_trio_12",
"xcl_family_regi_trio_16"
],
"2": [
"xcl_family_regi_trio_13"
],
"1": [
"xcl_family_regi_trio_14",
"xcl_family_regi_trio_15"
]
},
"relicanth": {
"3": [
"xcl_family_relicanth_00"
],
"2": [
"xcl_family_relicanth_01",
"xcl_family_relicanth_04"
],
"1": [
"xcl_family_relicanth_02",
"xcl_family_relicanth_03"
]
},
"remoraid": {
"3": [
"xcl_family_remoraid_00"
],
"2": [
"xcl_family_remoraid_01"
],
"1": [
"xcl_family_remoraid_02",
"xcl_family_remoraid_03"
]
},
"octillery": {
"3": [
"xcl_family_remoraid_00"
],
"2": [
"xcl_family_remoraid_01"
],
"1": [
"xcl_family_remoraid_02",
"xcl_family_remoraid_03"
]
},
"rhyhorn": {
"3": [
"xcl_family_rhyhorn_00"
],
"2": [
"xcl_family_rhyhorn_01",
"xcl_family_rhyhorn_04"
],
"1": [
"xcl_family_rhyhorn_02",
"xcl_family_rhyhorn_03"
]
},
"rhydon": {
"3": [
"xcl_family_rhyhorn_00"
],
"2": [
"xcl_family_rhyhorn_01",
"xcl_family_rhyhorn_04"
],
"1": [
"xcl_family_rhyhorn_02",
"xcl_family_rhyhorn_03"
]
},
"rhyperior": {
"3": [
"xcl_family_rhyhorn_00"
],
"2": [
"xcl_family_rhyhorn_01",
"xcl_family_rhyhorn_04"
],
"1": [
"xcl_family_rhyhorn_02",
"xcl_family_rhyhorn_03"
]
},
"riolu": {
"3": [
"xcl_family_riolu_00"
],
"2": [
"xcl_family_riolu_01",
"xcl_family_riolu_04"
],
"1": [
"xcl_family_riolu_02",
"xcl_family_riolu_03"
]
},
"lucario": {
"3": [
"xcl_family_riolu_00"
],
"2": [
"xcl_family_riolu_01",
"xcl_family_riolu_04"
],
"1": [
"xcl_family_riolu_02",
"xcl_family_riolu_03"
]
},
"rockruff": {
"3": [
"xcl_family_rockruff_00"
],
"2": [
"xcl_family_rockruff_01",
"xcl_family_rockruff_04"
],
"1": [
"xcl_family_rockruff_02",
"xcl_family_rockruff_03"
]
},
"lycanroc": {
"3": [
"xcl_family_rockruff_00"
],
"2": [
"xcl_family_rockruff_01",
"xcl_family_rockruff_04"
],
"1": [
"xcl_family_rockruff_02",
"xcl_family_rockruff_03"
]
},
"budew": {
"3": [
"xcl_family_roselia_00"
],
"2": [
"xcl_family_roselia_01"
],
"1": [
"xcl_family_roselia_02",
"xcl_family_roselia_03"
]
},
"roselia": {
"3": [
"xcl_family_roselia_00"
],
"2": [
"xcl_family_roselia_01"
],
"1": [
"xcl_family_roselia_02",
"xcl_family_roselia_03"
]
},
"roserade": {
"3": [
"xcl_family_roselia_00"
],
"2": [
"xcl_family_roselia_01"
],
"1": [
"xcl_family_roselia_02",
"xcl_family_roselia_03"
]
},
"rotom": {
"3": [
"xcl_family_rotom_00"
],
"2": [
"xcl_family_rotom_01"
],
"1": [
"xcl_family_rotom_02",
"xcl_family_rotom_03"
]
},
"sableye": {
"3": [
"xcl_family_sableye_00"
],
"2": [
"xcl_family_sableye_01",
"xcl_family_sableye_04"
],
"1": [
"xcl_family_sableye_02",
"xcl_family_sableye_03"
]
},
"salandit": {
"3": [
"xcl_family_salandit_00"
],
"2": [
"xcl_family_salandit_01",
"xcl_family_salandit_04"
],
"1": [
"xcl_family_salandit_02",
"xcl_family_salandit_03"
]
},
"salazzle": {
"3": [
"xcl_family_salandit_00"
],
"2": [
"xcl_family_salandit_01",
"xcl_family_salandit_04"
],
"1": [
"xcl_family_salandit_02",
"xcl_family_salandit_03"
]
},
"sandshrew": {
"3": [
"xcl_family_sandshrew_00"
],
"2": [
"xcl_family_sandshrew_01"
],
"1": [
"xcl_family_sandshrew_02",
"xcl_family_sandshrew_03"
]
},
"sandslash": {
"3": [
"xcl_family_sandshrew_00"
],
"2": [
"xcl_family_sandshrew_01"
],
"1": [
"xcl_family_sandshrew_02",
"xcl_family_sandshrew_03"
]
},
"scraggy": {
"3": [
"xcl_family_scraggy_00"
],
"2": [
"xcl_family_scraggy_01",
"xcl_family_scraggy_04"
],
"1": [
"xcl_family_scraggy_02",
"xcl_family_scraggy_03"
]
},
"scrafty": {
"3": [
"xcl_family_scraggy_00"
],
"2": [
"xcl_family_scraggy_01",
"xcl_family_scraggy_04"
],
"1": [
"xcl_family_scraggy_02",
"xcl_family_scraggy_03"
]
},
"scyther": {
"3": [
"xcl_family_scyther_00",
"xcl_family_scyther_01"
],
"1": [
"xcl_family_scyther_02",
"xcl_family_scyther_03"
],
"2": [
"xcl_family_scyther_04"
]
},
"scizor": {
"3": [
"xcl_family_scyther_00",
"xcl_family_scyther_01"
],
"1": [
"xcl_family_scyther_02",
"xcl_family_scyther_03"
],
"2": [
"xcl_family_scyther_04"
]
},
"kleavor": {
"3": [
"xcl_family_scyther_00",
"xcl_family_scyther_01"
],
"1": [
"xcl_family_scyther_02",
"xcl_family_scyther_03"
],
"2": [
"xcl_family_scyther_04"
]
},
"seedot": {
"3": [
"xcl_family_seedot_00"
],
"2": [
"xcl_family_seedot_01",
"xcl_family_seedot_04"
],
"1": [
"xcl_family_seedot_02",
"xcl_family_seedot_03"
]
},
"nuzleaf": {
"3": [
"xcl_family_seedot_00"
],
"2": [
"xcl_family_seedot_01",
"xcl_family_seedot_04"
],
"1": [
"xcl_family_seedot_02",
"xcl_family_seedot_03"
]
},
"shiftry": {
"3": [
"xcl_family_seedot_00"
],
"2": [
"xcl_family_seedot_01",
"xcl_family_seedot_04"
],
"1": [
"xcl_family_seedot_02",
"xcl_family_seedot_03"
]
},
"seel": {
"3": [
"xcl_family_seel_00"
],
"2": [
"xcl_family_seel_01"
],
"1": [
"xcl_family_seel_02",
"xcl_family_seel_03"
]
},
"dewgong": {
"3": [
"xcl_family_seel_00"
],
"2": [
"xcl_family_seel_01"
],
"1": [
"xcl_family_seel_02",
"xcl_family_seel_03"
]
},
"sentret": {
"3": [
"xcl_family_sentret_00"
],
"2": [
"xcl_family_sentret_01"
],
"1": [
"xcl_family_sentret_02",
"xcl_family_sentret_03"
]
},
"furret": {
"3": [
"xcl_family_sentret_00"
],
"2": [
"xcl_family_sentret_01"
],
"1": [
"xcl_family_sentret_02",
"xcl_family_sentret_03"
]
},
"seviper": {
"3": [
"xcl_family_seviper_00"
],
"2": [
"xcl_family_seviper_01"
],
"1": [
"xcl_family_seviper_02",
"xcl_family_seviper_03"
]
},
"shaymin": {
"3": [
"xcl_family_shaymin_00"
],
"2": [
"xcl_family_shaymin_01",
"xcl_family_shaymin_04"
],
"1": [
"xcl_family_shaymin_02",
"xcl_family_shaymin_03"
]
},
"shellder": {
"3": [
"xcl_family_shellder_00"
],
"2": [
"xcl_family_shellder_01"
],
"1": [
"xcl_family_shellder_02",
"xcl_family_shellder_03"
]
},
"cloyster": {
"3": [
"xcl_family_shellder_00"
],
"2": [
"xcl_family_shellder_01"
],
"1": [
"xcl_family_shellder_02",
"xcl_family_shellder_03"
]
},
"shellos": {
"3": [
"xcl_family_shellos_00"
],
"2": [
"xcl_family_shellos_01"
],
"1": [
"xcl_family_shellos_02",
"xcl_family_shellos_03"
]
},
"gastrodon": {
"3": [
"xcl_family_shellos_00"
],
"2": [
"xcl_family_shellos_01"
],
"1": [
"xcl_family_shellos_02",
"xcl_family_shellos_03"
]
},
"shieldon": {
"3": [
"xcl_family_shieldon_00"
],
"2": [
"xcl_family_shieldon_01",
"xcl_family_shieldon_04"
],
"1": [
"xcl_family_shieldon_02",
"xcl_family_shieldon_03"
]
},
"bastiodon": {
"3": [
"xcl_family_shieldon_00"
],
"2": [
"xcl_family_shieldon_01",
"xcl_family_shieldon_04"
],
"1": [
"xcl_family_shieldon_02",
"xcl_family_shieldon_03"
]
},
"shinx": {
"3": [
"xcl_family_shinx_00"
],
"2": [
"xcl_family_shinx_01",
"xcl_family_shinx_04"
],
"1": [
"xcl_family_shinx_02",
"xcl_family_shinx_03"
]
},
"luxio": {
"3": [
"xcl_family_shinx_00"
],
"2": [
"xcl_family_shinx_01",
"xcl_family_shinx_04"
],
"1": [
"xcl_family_shinx_02",
"xcl_family_shinx_03"
]
},
"luxray": {
"3": [
"xcl_family_shinx_00"
],
"2": [
"xcl_family_shinx_01",
"xcl_family_shinx_04"
],
"1": [
"xcl_family_shinx_02",
"xcl_family_shinx_03"
]
},
"shroomish": {
"3": [
"xcl_family_shroomish_00"
],
"2": [
"xcl_family_shroomish_01"
],
"1": [
"xcl_family_shroomish_02",
"xcl_family_shroomish_03"
]
},
"breloom": {
"3": [
"xcl_family_shroomish_00"
],
"2": [
"xcl_family_shroomish_01"
],
"1": [
"xcl_family_shroomish_02",
"xcl_family_shroomish_03"
]
},
"shuckle": {
"3": [
"xcl_family_shuckle_00"
],
"2": [
"xcl_family_shuckle_01",
"xcl_family_shuckle_04"
],
"1": [
"xcl_family_shuckle_02",
"xcl_family_shuckle_03"
]
},
"shuppet": {
"3": [
"xcl_family_shuppet_00"
],
"2": [
"xcl_family_shuppet_01"
],
"1": [
"xcl_family_shuppet_02",
"xcl_family_shuppet_03"
]
},
"banette": {
"3": [
"xcl_family_shuppet_00"
],
"2": [
"xcl_family_shuppet_01"
],
"1": [
"xcl_family_shuppet_02",
"xcl_family_shuppet_03"
]
},
"skarmory": {
"3": [
"xcl_family_skarmory_00"
],
"2": [
"xcl_family_skarmory_01",
"xcl_family_skarmory_04"
],
"1": [
"xcl_family_skarmory_02",
"xcl_family_skarmory_03"
]
},
"skitty": {
"3": [
"xcl_family_skitty_00"
],
"2": [
"xcl_family_skitty_01",
"xcl_family_skitty_04"
],
"1": [
"xcl_family_skitty_02",
"xcl_family_skitty_03"
]
},
"delcatty": {
"3": [
"xcl_family_skitty_00"
],
"2": [
"xcl_family_skitty_01",
"xcl_family_skitty_04"
],
"1": [
"xcl_family_skitty_02",
"xcl_family_skitty_03"
]
},
"skorupi": {
"3": [
"xcl_family_skorupi_00"
],
"2": [
"xcl_family_skorupi_01"
],
"1": [
"xcl_family_skorupi_02",
"xcl_family_skorupi_03"
]
},
"drapion": {
"3": [
"xcl_family_skorupi_00"
],
"2": [
"xcl_family_skorupi_01"
],
"1": [
"xcl_family_skorupi_02",
"xcl_family_skorupi_03"
]
},
"slakoth": {
"3": [
"xcl_family_slakoth_00"
],
"2": [
"xcl_family_slakoth_01"
],
"1": [
"xcl_family_slakoth_02",
"xcl_family_slakoth_03"
]
},
"vigoroth": {
"3": [
"xcl_family_slakoth_00"
],
"2": [
"xcl_family_slakoth_01"
],
"1": [
"xcl_family_slakoth_02",
"xcl_family_slakoth_03"
]
},
"slaking": {
"3": [
"xcl_family_slakoth_00"
],
"2": [
"xcl_family_slakoth_01"
],
"1": [
"xcl_family_slakoth_02",
"xcl_family_slakoth_03"
]
},
"slowpoke": {
"3": [
"xcl_family_slowpoke_00",
"xcl_family_slowpoke_01"
],
"1": [
"xcl_family_slowpoke_02",
"xcl_family_slowpoke_03"
],
"2": [
"xcl_family_slowpoke_04"
]
},
"slowbro": {
"3": [
"xcl_family_slowpoke_00",
"xcl_family_slowpoke_01"
],
"1": [
"xcl_family_slowpoke_02",
"xcl_family_slowpoke_03"
],
"2": [
"xcl_family_slowpoke_04"
]
},
"slowking": {
"3": [
"xcl_family_slowpoke_00",
"xcl_family_slowpoke_01"
],
"1": [
"xcl_family_slowpoke_02",
"xcl_family_slowpoke_03"
],
"2": [
"xcl_family_slowpoke_04"
]
},
"slugma": {
"3": [
"xcl_family_slugma_00"
],
"2": [
"xcl_family_slugma_01",
"xcl_family_slugma_04"
],
"1": [
"xcl_family_slugma_02",
"xcl_family_slugma_03"
]
},
"magcargo": {
"3": [
"xcl_family_slugma_00"
],
"2": [
"xcl_family_slugma_01",
"xcl_family_slugma_04"
],
"1": [
"xcl_family_slugma_02",
"xcl_family_slugma_03"
]
},
"smeargle": {
"3": [
"xcl_family_smeargle_00"
],
"2": [
"xcl_family_smeargle_01",
"xcl_family_smeargle_04"
],
"1": [
"xcl_family_smeargle_02",
"xcl_family_smeargle_03"
]
},
"sneasel": {
"3": [
"xcl_family_sneasel_00"
],
"2": [
"xcl_family_sneasel_01"
],
"1": [
"xcl_family_sneasel_02",
"xcl_family_sneasel_03"
]
},
"weavile": {
"3": [
"xcl_family_sneasel_00"
],
"2": [
"xcl_family_sneasel_01"
],
"1": [
"xcl_family_sneasel_02",
"xcl_family_sneasel_03"
]
},
"sneasler": {
"3": [
"xcl_family_sneasel_00"
],
"2": [
"xcl_family_sneasel_01"
],
"1": [
"xcl_family_sneasel_02",
"xcl_family_sneasel_03"
]
},
"snivy": {
"3": [
"xcl_family_snivy_00"
],
"2": [
"xcl_family_snivy_01",
"xcl_family_snivy_04"
],
"1": [
"xcl_family_snivy_02",
"xcl_family_snivy_03"
]
},
"servine": {
"3": [
"xcl_family_snivy_00"
],
"2": [
"xcl_family_snivy_01",
"xcl_family_snivy_04"
],
"1": [
"xcl_family_snivy_02",
"xcl_family_snivy_03"
]
},
"serperior": {
"3": [
"xcl_family_snivy_00"
],
"2": [
"xcl_family_snivy_01",
"xcl_family_snivy_04"
],
"1": [
"xcl_family_snivy_02",
"xcl_family_snivy_03"
]
},
"munchlax": {
"3": [
"xcl_family_snorlax_00"
],
"2": [
"xcl_family_snorlax_01",
"xcl_family_snorlax_04"
],
"1": [
"xcl_family_snorlax_02",
"xcl_family_snorlax_03"
]
},
"snorlax": {
"3": [
"xcl_family_snorlax_00"
],
"2": [
"xcl_family_snorlax_01",
"xcl_family_snorlax_04"
],
"1": [
"xcl_family_snorlax_02",
"xcl_family_snorlax_03"
]
},
"froslass": {
"3": [
"xcl_family_snorunt_00"
],
"1": [
"xcl_family_snorunt_02",
"xcl_family_snorunt_03"
],
"2": [
"xcl_family_snorunt_04"
]
},
"glalie": {
"3": [
"xcl_family_snorunt_01"
],
"1": [
"xcl_family_snorunt_02",
"xcl_family_snorunt_03"
],
"2": [
"xcl_family_snorunt_04"
]
},
"snorunt": {
"1": [
"xcl_family_snorunt_02",
"xcl_family_snorunt_03"
],
"2": [
"xcl_family_snorunt_04"
]
},
"snover": {
"3": [
"xcl_family_snover_00"
],
"2": [
"xcl_family_snover_01",
"xcl_family_snover_04"
],
"1": [
"xcl_family_snover_02",
"xcl_family_snover_03"
]
},
"abomasnow": {
"3": [
"xcl_family_snover_00"
],
"2": [
"xcl_family_snover_01",
"xcl_family_snover_04"
],
"1": [
"xcl_family_snover_02",
"xcl_family_snover_03"
]
},
"snubbull": {
"3": [
"xcl_family_snubbull_00"
],
"2": [
"xcl_family_snubbull_01"
],
"1": [
"xcl_family_snubbull_02",
"xcl_family_snubbull_03"
]
},
"granbull": {
"3": [
"xcl_family_snubbull_00"
],
"2": [
"xcl_family_snubbull_01"
],
"1": [
"xcl_family_snubbull_02",
"xcl_family_snubbull_03"
]
},
"spearow": {
"3": [
"xcl_family_spearow_00"
],
"2": [
"xcl_family_spearow_01"
],
"1": [
"xcl_family_spearow_02",
"xcl_family_spearow_03"
]
},
"fearow": {
"3": [
"xcl_family_spearow_00"
],
"2": [
"xcl_family_spearow_01"
],
"1": [
"xcl_family_spearow_02",
"xcl_family_spearow_03"
]
},
"spheal": {
"3": [
"xcl_family_spheal_00"
],
"2": [
"xcl_family_spheal_01"
],
"1": [
"xcl_family_spheal_02",
"xcl_family_spheal_03"
]
},
"sealeo": {
"3": [
"xcl_family_spheal_00"
],
"2": [
"xcl_family_spheal_01"
],
"1": [
"xcl_family_spheal_02",
"xcl_family_spheal_03"
]
},
"walrein": {
"3": [
"xcl_family_spheal_00"
],
"2": [
"xcl_family_spheal_01"
],
"1": [
"xcl_family_spheal_02",
"xcl_family_spheal_03"
]
},
"spinarak": {
"3": [
"xcl_family_spinarak_00"
],
"2": [
"xcl_family_spinarak_01"
],
"1": [
"xcl_family_spinarak_02",
"xcl_family_spinarak_03"
]
},
"ariados": {
"3": [
"xcl_family_spinarak_00"
],
"2": [
"xcl_family_spinarak_01"
],
"1": [
"xcl_family_spinarak_02",
"xcl_family_spinarak_03"
]
},
"spinda": {
"3": [
"xcl_family_spinda_00"
],
"2": [
"xcl_family_spinda_01",
"xcl_family_spinda_04"
],
"1": [
"xcl_family_spinda_02",
"xcl_family_spinda_03"
]
},
"spiritomb": {
"3": [
"xcl_family_spiritomb_00"
],
"2": [
"xcl_family_spiritomb_01",
"xcl_family_spiritomb_04"
],
"1": [
"xcl_family_spiritomb_02",
"xcl_family_spiritomb_03"
]
},
"spoink": {
"3": [
"xcl_family_spoink_00"
],
"2": [
"xcl_family_spoink_01",
"xcl_family_spoink_04"
],
"1": [
"xcl_family_spoink_02",
"xcl_family_spoink_03"
]
},
"grumpig": {
"3": [
"xcl_family_spoink_00"
],
"2": [
"xcl_family_spoink_01",
"xcl_family_spoink_04"
],
"1": [
"xcl_family_spoink_02",
"xcl_family_spoink_03"
]
},
"squirtle": {
"3": [
"xcl_family_squirtle_00"
],
"2": [
"xcl_family_squirtle_01",
"xcl_family_squirtle_04"
],
"1": [
"xcl_family_squirtle_02",
"xcl_family_squirtle_03"
]
},
"wartortle": {
"3": [
"xcl_family_squirtle_00"
],
"2": [
"xcl_family_squirtle_01",
"xcl_family_squirtle_04"
],
"1": [
"xcl_family_squirtle_02",
"xcl_family_squirtle_03"
]
},
"blastoise": {
"3": [
"xcl_family_squirtle_00"
],
"2": [
"xcl_family_squirtle_01",
"xcl_family_squirtle_04"
],
"1": [
"xcl_family_squirtle_02",
"xcl_family_squirtle_03"
]
},
"stantler": {
"3": [
"xcl_family_stantler_00"
],
"2": [
"xcl_family_stantler_01",
"xcl_family_stantler_04"
],
"1": [
"xcl_family_stantler_02",
"xcl_family_stantler_03"
]
},
"starly": {
"3": [
"xcl_family_starly_00"
],
"2": [
"xcl_family_starly_01"
],
"1": [
"xcl_family_starly_02",
"xcl_family_starly_03"
]
},
"staravia": {
"3": [
"xcl_family_starly_00"
],
"2": [
"xcl_family_starly_01"
],
"1": [
"xcl_family_starly_02",
"xcl_family_starly_03"
]
},
"staraptor": {
"3": [
"xcl_family_starly_00"
],
"2": [
"xcl_family_starly_01"
],
"1": [
"xcl_family_starly_02",
"xcl_family_starly_03"
]
},
"staryu": {
"3": [
"xcl_family_staryu_00"
],
"2": [
"xcl_family_staryu_01",
"xcl_family_staryu_04"
],
"1": [
"xcl_family_staryu_02",
"xcl_family_staryu_03"
]
},
"starmie": {
"3": [
"xcl_family_staryu_00"
],
"2": [
"xcl_family_staryu_01",
"xcl_family_staryu_04"
],
"1": [
"xcl_family_staryu_02",
"xcl_family_staryu_03"
]
},
"stunky": {
"3": [
"xcl_family_stunky_00"
],
"2": [
"xcl_family_stunky_01",
"xcl_family_stunky_04"
],
"1": [
"xcl_family_stunky_02",
"xcl_family_stunky_03"
]
},
"skuntank": {
"3": [
"xcl_family_stunky_00"
],
"2": [
"xcl_family_stunky_01",
"xcl_family_stunky_04"
],
"1": [
"xcl_family_stunky_02",
"xcl_family_stunky_03"
]
},
"bonsly": {
"3": [
"xcl_family_sudowoodo_00"
],
"2": [
"xcl_family_sudowoodo_01",
"xcl_family_sudowoodo_04"
],
"1": [
"xcl_family_sudowoodo_02",
"xcl_family_sudowoodo_03"
]
},
"sudowoodo": {
"3": [
"xcl_family_sudowoodo_00"
],
"2": [
"xcl_family_sudowoodo_01",
"xcl_family_sudowoodo_04"
],
"1": [
"xcl_family_sudowoodo_02",
"xcl_family_sudowoodo_03"
]
},
"sunkern": {
"3": [
"xcl_family_sunkern_00"
],
"2": [
"xcl_family_sunkern_01",
"xcl_family_sunkern_04"
],
"1": [
"xcl_family_sunkern_02",
"xcl_family_sunkern_03"
]
},
"sunflora": {
"3": [
"xcl_family_sunkern_00"
],
"2": [
"xcl_family_sunkern_01",
"xcl_family_sunkern_04"
],
"1": [
"xcl_family_sunkern_02",
"xcl_family_sunkern_03"
]
},
"surskit": {
"3": [
"xcl_family_surskit_00"
],
"2": [
"xcl_family_surskit_01"
],
"1": [
"xcl_family_surskit_02",
"xcl_family_surskit_03"
]
},
"masquerain": {
"3": [
"xcl_family_surskit_00"
],
"2": [
"xcl_family_surskit_01"
],
"1": [
"xcl_family_surskit_02",
"xcl_family_surskit_03"
]
},
"swablu": {
"3": [
"xcl_family_swablu_00"
],
"2": [
"xcl_family_swablu_01"
],
"1": [
"xcl_family_swablu_02",
"xcl_family_swablu_03"
]
},
"altaria": {
"3": [
"xcl_family_swablu_00"
],
"2": [
"xcl_family_swablu_01"
],
"1": [
"xcl_family_swablu_02",
"xcl_family_swablu_03"
]
},
"swinub": {
"3": [
"xcl_family_swinub_00"
],
"2": [
"xcl_family_swinub_01"
],
"1": [
"xcl_family_swinub_02",
"xcl_family_swinub_03"
]
},
"piloswine": {
"3": [
"xcl_family_swinub_00"
],
"2": [
"xcl_family_swinub_01"
],
"1": [
"xcl_family_swinub_02",
"xcl_family_swinub_03"
]
},
"mamoswine": {
"3": [
"xcl_family_swinub_00"
],
"2": [
"xcl_family_swinub_01"
],
"1": [
"xcl_family_swinub_02",
"xcl_family_swinub_03"
]
},
"taillow": {
"3": [
"xcl_family_taillow_00"
],
"2": [
"xcl_family_taillow_01"
],
"1": [
"xcl_family_taillow_02",
"xcl_family_taillow_03"
]
},
"swellow": {
"3": [
"xcl_family_taillow_00"
],
"2": [
"xcl_family_taillow_01"
],
"1": [
"xcl_family_taillow_02",
"xcl_family_taillow_03"
]
},
"tangela": {
"3": [
"xcl_family_tangela_00"
],
"2": [
"xcl_family_tangela_01"
],
"1": [
"xcl_family_tangela_02",
"xcl_family_tangela_03"
]
},
"tangrowth": {
"3": [
"xcl_family_tangela_00"
],
"2": [
"xcl_family_tangela_01"
],
"1": [
"xcl_family_tangela_02",
"xcl_family_tangela_03"
]
},
"tauros": {
"3": [
"xcl_family_tauros_miltank_00"
],
"1": [
"xcl_family_tauros_miltank_02",
"xcl_family_tauros_miltank_03"
],
"2": [
"xcl_family_tauros_miltank_04",
"xcl_family_tauros_miltank_05"
]
},
"miltank": {
"3": [
"xcl_family_tauros_miltank_01"
],
"1": [
"xcl_family_tauros_miltank_02",
"xcl_family_tauros_miltank_03"
],
"2": [
"xcl_family_tauros_miltank_04",
"xcl_family_tauros_miltank_05"
]
},
"teddiursa": {
"3": [
"xcl_family_teddiursa_00"
],
"2": [
"xcl_family_teddiursa_01",
"xcl_family_teddiursa_04"
],
"1": [
"xcl_family_teddiursa_02",
"xcl_family_teddiursa_03"
]
},
"ursaring": {
"3": [
"xcl_family_teddiursa_00"
],
"2": [
"xcl_family_teddiursa_01",
"xcl_family_teddiursa_04"
],
"1": [
"xcl_family_teddiursa_02",
"xcl_family_teddiursa_03"
]
},
"ursaluna": {
"3": [
"xcl_family_teddiursa_00"
],
"2": [
"xcl_family_teddiursa_01",
"xcl_family_teddiursa_04"
],
"1": [
"xcl_family_teddiursa_02",
"xcl_family_teddiursa_03"
]
},
"tentacool": {
"3": [
"xcl_family_tentacool_00"
],
"2": [
"xcl_family_tentacool_01"
],
"1": [
"xcl_family_tentacool_02",
"xcl_family_tentacool_03"
]
},
"tentacruel": {
"3": [
"xcl_family_tentacool_00"
],
"2": [
"xcl_family_tentacool_01"
],
"1": [
"xcl_family_tentacool_02",
"xcl_family_tentacool_03"
]
},
"tepig": {
"3": [
"xcl_family_tepig_00"
],
"2": [
"xcl_family_tepig_01",
"xcl_family_tepig_04"
],
"1": [
"xcl_family_tepig_02",
"xcl_family_tepig_03"
]
},
"pignite": {
"3": [
"xcl_family_tepig_00"
],
"2": [
"xcl_family_tepig_01",
"xcl_family_tepig_04"
],
"1": [
"xcl_family_tepig_02",
"xcl_family_tepig_03"
]
},
"emboar": {
"3": [
"xcl_family_tepig_00"
],
"2": [
"xcl_family_tepig_01",
"xcl_family_tepig_04"
],
"1": [
"xcl_family_tepig_02",
"xcl_family_tepig_03"
]
},
"tinkatink": {
"3": [
"xcl_family_tinkatink_00"
],
"2": [
"xcl_family_tinkatink_01",
"xcl_family_tinkatink_04"
],
"1": [
"xcl_family_tinkatink_02",
"xcl_family_tinkatink_03"
]
},
"tinkatuff": {
"3": [
"xcl_family_tinkatink_00"
],
"2": [
"xcl_family_tinkatink_01",
"xcl_family_tinkatink_04"
],
"1": [
"xcl_family_tinkatink_02",
"xcl_family_tinkatink_03"
]
},
"tinkaton": {
"3": [
"xcl_family_tinkatink_00"
],
"2": [
"xcl_family_tinkatink_01",
"xcl_family_tinkatink_04"
],
"1": [
"xcl_family_tinkatink_02",
"xcl_family_tinkatink_03"
]
},
"togedemaru": {
"3": [
"xcl_family_togedemaru_00"
],
"2": [
"xcl_family_togedemaru_01"
],
"1": [
"xcl_family_togedemaru_02",
"xcl_family_togedemaru_03"
]
},
"togepi": {
"3": [
"xcl_family_togepi_00"
],
"2": [
"xcl_family_togepi_01",
"xcl_family_togepi_04"
],
"1": [
"xcl_family_togepi_02",
"xcl_family_togepi_03"
]
},
"togetic": {
"3": [
"xcl_family_togepi_00"
],
"2": [
"xcl_family_togepi_01",
"xcl_family_togepi_04"
],
"1": [
"xcl_family_togepi_02",
"xcl_family_togepi_03"
]
},
"togekiss": {
"3": [
"xcl_family_togepi_00"
],
"2": [
"xcl_family_togepi_01",
"xcl_family_togepi_04"
],
"1": [
"xcl_family_togepi_02",
"xcl_family_togepi_03"
]
},
"torchic": {
"3": [
"xcl_family_torchic_00"
],
"2": [
"xcl_family_torchic_01",
"xcl_family_torchic_04"
],
"1": [
"xcl_family_torchic_02",
"xcl_family_torchic_03"
]
},
"combusken": {
"3": [
"xcl_family_torchic_00"
],
"2": [
"xcl_family_torchic_01",
"xcl_family_torchic_04"
],
"1": [
"xcl_family_torchic_02",
"xcl_family_torchic_03"
]
},
"blaziken": {
"3": [
"xcl_family_torchic_00"
],
"2": [
"xcl_family_torchic_01",
"xcl_family_torchic_04"
],
"1": [
"xcl_family_torchic_02",
"xcl_family_torchic_03"
]
},
"torkoal": {
"3": [
"xcl_family_torkoal_00"
],
"2": [
"xcl_family_torkoal_01"
],
"1": [
"xcl_family_torkoal_02",
"xcl_family_torkoal_03"
]
},
"totodile": {
"3": [
"xcl_family_totodile_00"
],
"2": [
"xcl_family_totodile_01",
"xcl_family_totodile_04"
],
"1": [
"xcl_family_totodile_02",
"xcl_family_totodile_03"
]
},
"croconaw": {
"3": [
"xcl_family_totodile_00"
],
"2": [
"xcl_family_totodile_01",
"xcl_family_totodile_04"
],
"1": [
"xcl_family_totodile_02",
"xcl_family_totodile_03"
]
},
"feraligatr": {
"3": [
"xcl_family_totodile_00"
],
"2": [
"xcl_family_totodile_01",
"xcl_family_totodile_04"
],
"1": [
"xcl_family_totodile_02",
"xcl_family_totodile_03"
]
},
"trapinch": {
"3": [
"xcl_family_trapinch_00"
],
"2": [
"xcl_family_trapinch_01"
],
"1": [
"xcl_family_trapinch_02",
"xcl_family_trapinch_03"
]
},
"vibrava": {
"3": [
"xcl_family_trapinch_00"
],
"2": [
"xcl_family_trapinch_01"
],
"1": [
"xcl_family_trapinch_02",
"xcl_family_trapinch_03"
]
},
"flygon": {
"3": [
"xcl_family_trapinch_00"
],
"2": [
"xcl_family_trapinch_01"
],
"1": [
"xcl_family_trapinch_02",
"xcl_family_trapinch_03"
]
},
"treecko": {
"3": [
"xcl_family_treecko_00"
],
"2": [
"xcl_family_treecko_01",
"xcl_family_treecko_04"
],
"1": [
"xcl_family_treecko_02",
"xcl_family_treecko_03"
]
},
"grovyle": {
"3": [
"xcl_family_treecko_00"
],
"2": [
"xcl_family_treecko_01",
"xcl_family_treecko_04"
],
"1": [
"xcl_family_treecko_02",
"xcl_family_treecko_03"
]
},
"sceptile": {
"3": [
"xcl_family_treecko_00"
],
"2": [
"xcl_family_treecko_01",
"xcl_family_treecko_04"
],
"1": [
"xcl_family_treecko_02",
"xcl_family_treecko_03"
]
},
"tropius": {
"3": [
"xcl_family_tropius_00"
],
"2": [
"xcl_family_tropius_01",
"xcl_family_tropius_04"
],
"1": [
"xcl_family_tropius_02",
"xcl_family_tropius_03"
]
},
"turtwig": {
"3": [
"xcl_family_turtwig_00"
],
"2": [
"xcl_family_turtwig_01",
"xcl_family_turtwig_04"
],
"1": [
"xcl_family_turtwig_02",
"xcl_family_turtwig_03"
]
},
"grotle": {
"3": [
"xcl_family_turtwig_00"
],
"2": [
"xcl_family_turtwig_01",
"xcl_family_turtwig_04"
],
"1": [
"xcl_family_turtwig_02",
"xcl_family_turtwig_03"
]
},
"torterra": {
"3": [
"xcl_family_turtwig_00"
],
"2": [
"xcl_family_turtwig_01",
"xcl_family_turtwig_04"
],
"1": [
"xcl_family_turtwig_02",
"xcl_family_turtwig_03"
]
},
"hitmontop": {
"3": [
"xcl_family_tyrogue_00"
],
"2": [
"xcl_family_tyrogue_01",
"xcl_family_tyrogue_06"
],
"1": [
"xcl_family_tyrogue_07",
"xcl_family_tyrogue_08"
]
},
"tyrogue": {
"2": [
"xcl_family_tyrogue_01",
"xcl_family_tyrogue_03",
"xcl_family_tyrogue_05",
"xcl_family_tyrogue_06"
],
"1": [
"xcl_family_tyrogue_07",
"xcl_family_tyrogue_08"
]
},
"hitmonchan": {
"3": [
"xcl_family_tyrogue_02"
],
"2": [
"xcl_family_tyrogue_03",
"xcl_family_tyrogue_06"
],
"1": [
"xcl_family_tyrogue_07",
"xcl_family_tyrogue_08"
]
},
"hitmonlee": {
"3": [
"xcl_family_tyrogue_04"
],
"2": [
"xcl_family_tyrogue_05",
"xcl_family_tyrogue_06"
],
"1": [
"xcl_family_tyrogue_07",
"xcl_family_tyrogue_08"
]
},
"unown": {
"1": [
"xcl_family_unown_00",
"xcl_family_unown_01",
"xcl_family_unown_02",
"xcl_family_unown_03",
"xcl_family_unown_04",
"xcl_family_unown_05",
"xcl_family_unown_06",
"xcl_family_unown_07",
"xcl_family_unown_08",
"xcl_family_unown_09",
"xcl_family_unown_10",
"xcl_family_unown_11",
"xcl_family_unown_12",
"xcl_family_unown_13",
"xcl_family_unown_14",
"xcl_family_unown_15",
"xcl_family_unown_16",
"xcl_family_unown_17",
"xcl_family_unown_18",
"xcl_family_unown_19",
"xcl_family_unown_20",
"xcl_family_unown_21",
"xcl_family_unown_22",
"xcl_family_unown_23",
"xcl_family_unown_24",
"xcl_family_unown_25"
]
},
"venonat": {
"3": [
"xcl_family_venonat_00"
],
"2": [
"xcl_family_venonat_01",
"xcl_family_venonat_04"
],
"1": [
"xcl_family_venonat_02",
"xcl_family_venonat_03"
]
},
"venomoth": {
"3": [
"xcl_family_venonat_00"
],
"2": [
"xcl_family_venonat_01",
"xcl_family_venonat_04"
],
"1": [
"xcl_family_venonat_02",
"xcl_family_venonat_03"
]
},
"volbeat": {
"3": [
"xcl_family_volbeat_illumise_00"
],
"1": [
"xcl_family_volbeat_illumise_02",
"xcl_family_volbeat_illumise_03"
],
"2": [
"xcl_family_volbeat_illumise_04",
"xcl_family_volbeat_illumise_05"
]
},
"illumise": {
"3": [
"xcl_family_volbeat_illumise_01"
],
"1": [
"xcl_family_volbeat_illumise_02",
"xcl_family_volbeat_illumise_03"
],
"2": [
"xcl_family_volbeat_illumise_04",
"xcl_family_volbeat_illumise_05"
]
},
"voltorb": {
"3": [
"xcl_family_voltorb_00"
],
"2": [
"xcl_family_voltorb_01",
"xcl_family_voltorb_04"
],
"1": [
"xcl_family_voltorb_02",
"xcl_family_voltorb_03"
]
},
"electrode": {
"3": [
"xcl_family_voltorb_00"
],
"2": [
"xcl_family_voltorb_01",
"xcl_family_voltorb_04"
],
"1": [
"xcl_family_voltorb_02",
"xcl_family_voltorb_03"
]
},
"vulpix": {
"3": [
"xcl_family_vulpix_00"
],
"2": [
"xcl_family_vulpix_01",
"xcl_family_vulpix_04"
],
"1": [
"xcl_family_vulpix_02",
"xcl_family_vulpix_03"
]
},
"ninetales": {
"3": [
"xcl_family_vulpix_00"
],
"2": [
"xcl_family_vulpix_01",
"xcl_family_vulpix_04"
],
"1": [
"xcl_family_vulpix_02",
"xcl_family_vulpix_03"
]
},
"wailmer": {
"3": [
"xcl_family_wailmer_00"
],
"2": [
"xcl_family_wailmer_01",
"xcl_family_wailmer_04"
],
"1": [
"xcl_family_wailmer_02",
"xcl_family_wailmer_03"
]
},
"wailord": {
"3": [
"xcl_family_wailmer_00"
],
"2": [
"xcl_family_wailmer_01",
"xcl_family_wailmer_04"
],
"1": [
"xcl_family_wailmer_02",
"xcl_family_wailmer_03"
]
},
"weedle": {
"3": [
"xcl_family_weedle_00"
],
"2": [
"xcl_family_weedle_01",
"xcl_family_weedle_04"
],
"1": [
"xcl_family_weedle_02",
"xcl_family_weedle_03"
]
},
"kakuna": {
"3": [
"xcl_family_weedle_00"
],
"2": [
"xcl_family_weedle_01",
"xcl_family_weedle_04"
],
"1": [
"xcl_family_weedle_02",
"xcl_family_weedle_03"
]
},
"beedrill": {
"3": [
"xcl_family_weedle_00"
],
"2": [
"xcl_family_weedle_01",
"xcl_family_weedle_04"
],
"1": [
"xcl_family_weedle_02",
"xcl_family_weedle_03"
]
},
"whismur": {
"3": [
"xcl_family_whismur_00"
],
"2": [
"xcl_family_whismur_01"
],
"1": [
"xcl_family_whismur_02",
"xcl_family_whismur_03"
]
},
"loudred": {
"3": [
"xcl_family_whismur_00"
],
"2": [
"xcl_family_whismur_01"
],
"1": [
"xcl_family_whismur_02",
"xcl_family_whismur_03"
]
},
"exploud": {
"3": [
"xcl_family_whismur_00"
],
"2": [
"xcl_family_whismur_01"
],
"1": [
"xcl_family_whismur_02",
"xcl_family_whismur_03"
]
},
"wingull": {
"3": [
"xcl_family_wingull_00"
],
"2": [
"xcl_family_wingull_01"
],
"1": [
"xcl_family_wingull_02",
"xcl_family_wingull_03"
]
},
"pelipper": {
"3": [
"xcl_family_wingull_00"
],
"2": [
"xcl_family_wingull_01"
],
"1": [
"xcl_family_wingull_02",
"xcl_family_wingull_03"
]
},
"wynaut": {
"3": [
"xcl_family_wobbuffet_00"
],
"2": [
"xcl_family_wobbuffet_01",
"xcl_family_wobbuffet_04"
],
"1": [
"xcl_family_wobbuffet_02",
"xcl_family_wobbuffet_03"
]
},
"wobbuffet": {
"3": [
"xcl_family_wobbuffet_00"
],
"2": [
"xcl_family_wobbuffet_01",
"xcl_family_wobbuffet_04"
],
"1": [
"xcl_family_wobbuffet_02",
"xcl_family_wobbuffet_03"
]
},
"woobat": {
"3": [
"xcl_family_woobat_00"
],
"2": [
"xcl_family_woobat_01",
"xcl_family_woobat_04"
],
"1": [
"xcl_family_woobat_02",
"xcl_family_woobat_03"
]
},
"swoobat": {
"3": [
"xcl_family_woobat_00"
],
"2": [
"xcl_family_woobat_01",
"xcl_family_woobat_04"
],
"1": [
"xcl_family_woobat_02",
"xcl_family_woobat_03"
]
},
"wooper": {
"3": [
"xcl_family_wooper_00"
],
"2": [
"xcl_family_wooper_01"
],
"1": [
"xcl_family_wooper_02",
"xcl_family_wooper_03"
]
},
"quagsire": {
"3": [
"xcl_family_wooper_00"
],
"2": [
"xcl_family_wooper_01"
],
"1": [
"xcl_family_wooper_02",
"xcl_family_wooper_03"
]
},
"clodsire": {
"3": [
"xcl_family_wooper_00"
],
"2": [
"xcl_family_wooper_01"
],
"1": [
"xcl_family_wooper_02",
"xcl_family_wooper_03"
]
},
"wurmple": {
"3": [
"xcl_family_wurmple_00",
"xcl_family_wurmple_01"
],
"2": [
"xcl_family_wurmple_02",
"xcl_family_wurmple_03"
],
"1": [
"xcl_family_wurmple_04",
"xcl_family_wurmple_05"
]
},
"silcoon": {
"3": [
"xcl_family_wurmple_00",
"xcl_family_wurmple_01"
],
"2": [
"xcl_family_wurmple_02",
"xcl_family_wurmple_03"
],
"1": [
"xcl_family_wurmple_04",
"xcl_family_wurmple_05"
]
},
"beautifly": {
"3": [
"xcl_family_wurmple_00",
"xcl_family_wurmple_01"
],
"2": [
"xcl_family_wurmple_02",
"xcl_family_wurmple_03"
],
"1": [
"xcl_family_wurmple_04",
"xcl_family_wurmple_05"
]
},
"cascoon": {
"3": [
"xcl_family_wurmple_00",
"xcl_family_wurmple_01"
],
"2": [
"xcl_family_wurmple_02",
"xcl_family_wurmple_03"
],
"1": [
"xcl_family_wurmple_04",
"xcl_family_wurmple_05"
]
},
"dustox": {
"3": [
"xcl_family_wurmple_00",
"xcl_family_wurmple_01"
],
"2": [
"xcl_family_wurmple_02",
"xcl_family_wurmple_03"
],
"1": [
"xcl_family_wurmple_04",
"xcl_family_wurmple_05"
]
},
"yanma": {
"3": [
"xcl_family_yanma_00"
],
"2": [
"xcl_family_yanma_01"
],
"1": [
"xcl_family_yanma_02",
"xcl_family_yanma_03"
]
},
"yanmega": {
"3": [
"xcl_family_yanma_00"
],
"2": [
"xcl_family_yanma_01"
],
"1": [
"xcl_family_yanma_02",
"xcl_family_yanma_03"
]
},
"zangoose": {
"3": [
"xcl_family_zangoose_00"
],
"2": [
"xcl_family_zangoose_01"
],
"1": [
"xcl_family_zangoose_02",
"xcl_family_zangoose_03"
]
},
"zigzagoon": {
"3": [
"xcl_family_zigzagoon_00"
],
"2": [
"xcl_family_zigzagoon_01"
],
"1": [
"xcl_family_zigzagoon_02",
"xcl_family_zigzagoon_03"
]
},
"linoone": {
"3": [
"xcl_family_zigzagoon_00"
],
"2": [
"xcl_family_zigzagoon_01"
],
"1": [
"xcl_family_zigzagoon_02",
"xcl_family_zigzagoon_03"
]
},
"zorua": {
"3": [
"xcl_family_zorua_00"
],
"2": [
"xcl_family_zorua_01",
"xcl_family_zorua_03"
],
"1": [
"xcl_family_zorua_02",
"xcl_family_zorua_04"
]
},
"zoroark": {
"3": [
"xcl_family_zorua_00"
],
"2": [
"xcl_family_zorua_01",
"xcl_family_zorua_03"
],
"1": [
"xcl_family_zorua_02",
"xcl_family_zorua_04"
]
},
"zubat": {
"3": [
"xcl_family_zubat_00"
],
"2": [
"xcl_family_zubat_01",
"xcl_family_zubat_04"
],
"1": [
"xcl_family_zubat_02",
"xcl_family_zubat_03"
]
},
"golbat": {
"3": [
"xcl_family_zubat_00"
],
"2": [
"xcl_family_zubat_01",
"xcl_family_zubat_04"
],
"1": [
"xcl_family_zubat_02",
"xcl_family_zubat_03"
]
},
"crobat": {
"3": [
"xcl_family_zubat_00"
],
"2": [
"xcl_family_zubat_01",
"xcl_family_zubat_04"
],
"1": [
"xcl_family_zubat_02",
"xcl_family_zubat_03"
]
}
}
}
}