﻿{
"Version": "0.8.7.0",
"Object": {
"$type": "RogueEssence.Data.ZoneData, RogueEssence",
"Name": {
"DefaultText": "Guildmaster Island",
"LocalTexts": {
"fr": "Île du Maître de la Guilde",
"de": "Gildenmeister-Insel",
"es": "Isla Maestro",
"it": "Isola del Maestro Gilda",
"zh-hans": "公会会长之岛"
}
},
"Released": true,
"Comment": "",
"NoEXP": false,
"ExpPercent": 100,
"Level": -1,
"LevelCap": false,
"KeepSkills": false,
"TeamRestrict": false,
"TeamSize": 12,
"MoneyRestrict": false,
"BagRestrict": -1,
"KeepTreasure": false,
"BagSize": -1,
"Persistent": false,
"Rescues": 0,
"Rogue": 0,
"Segments": [
{
"$type": "RogueEssence.LevelGen.LayeredSegment, RogueEssence",
"Floors": [
{
"$type": "RogueEssence.LevelGen.LoadGen, RogueEssence",
"GenSteps": [
{
"Key": {
"str": [
-7
]
},
"Value": {
"$type": "RogueEssence.LevelGen.MappedRoomStep`1[[RogueEssence.LevelGen.MapLoadContext, RogueEssence]], RogueEssence",
"MapID": "test_grounds"
}
},
{
"Key": {
"str": [
-6
]
},
"Value": {
"$type": "RogueEssence.LevelGen.MapEffectStep`1[[RogueEssence.LevelGen.MapLoadContext, RogueEssence]], RogueEssence",
"Effect": {
"UniversalStates": [],
"BeforeTryActions": [],
"BeforeActions": [],
"OnActions": [],
"BeforeExplosions": [],
"BeforeHits": [],
"OnHits": [],
"OnHitTiles": [],
"AfterActions": [],
"ElementEffects": [],
"OnEquips": [],
"OnPickups": [],
"BeforeStatusAdds": [],
"OnStatusAdds": [],
"OnStatusRemoves": [],
"OnMapStatusAdds": [],
"OnMapStatusRemoves": [],
"OnMapStarts": [],
"OnTurnStarts": [],
"OnTurnEnds": [],
"OnMapTurnEnds": [],
"OnWalks": [],
"OnDeaths": [],
"OnRefresh": [],
"OnMapRefresh": [
{
"Key": {
"str": [
0
]
},
"Value": {
"$type": "PMDC.Dungeon.MapNoRescueEvent, PMDC"
}
}
],
"ModifyHPs": [],
"RestoreHPs": [],
"InitActionData": []
}
}
}
],
"Comment": ""
},
{
"$type": "RogueEssence.LevelGen.LoadGen, RogueEssence",
"GenSteps": [
{
"Key": {
"str": [
-7
]
},
"Value": {
"$type": "RogueEssence.LevelGen.MappedRoomStep`1[[RogueEssence.LevelGen.MapLoadContext, RogueEssence]], RogueEssence",
"MapID": "base_camp"
}
},
{
"Key": {
"str": [
-6
]
},
"Value": {
"$type": "RogueEssence.LevelGen.MapEffectStep`1[[RogueEssence.LevelGen.MapLoadContext, RogueEssence]], RogueEssence",
"Effect": {
"UniversalStates": [],
"BeforeTryActions": [],
"BeforeActions": [],
"OnActions": [],
"BeforeExplosions": [],
"BeforeHits": [],
"OnHits": [],
"OnHitTiles": [],
"AfterActions": [],
"ElementEffects": [],
"OnEquips": [],
"OnPickups": [],
"BeforeStatusAdds": [],
"OnStatusAdds": [],
"OnStatusRemoves": [],
"OnMapStatusAdds": [],
"OnMapStatusRemoves": [],
"OnMapStarts": [],
"OnTurnStarts": [],
"OnTurnEnds": [],
"OnMapTurnEnds": [],
"OnWalks": [],
"OnDeaths": [],
"OnRefresh": [],
"OnMapRefresh": [
{
"Key": {
"str": [
0
]
},
"Value": {
"$type": "PMDC.Dungeon.MapNoRescueEvent, PMDC"
}
}
],
"ModifyHPs": [],
"RestoreHPs": [],
"InitActionData": []
}
}
}
],
"Comment": ""
},
{
"$type": "RogueEssence.LevelGen.LoadGen, RogueEssence",
"GenSteps": [
{
"Key": {
"str": [
-7
]
},
"Value": {
"$type": "RogueEssence.LevelGen.MappedRoomStep`1[[RogueEssence.LevelGen.MapLoadContext, RogueEssence]], RogueEssence",
"MapID": "base_camp_2"
}
},
{
"Key": {
"str": [
-6
]
},
"Value": {
"$type": "RogueEssence.LevelGen.MapEffectStep`1[[RogueEssence.LevelGen.MapLoadContext, RogueEssence]], RogueEssence",
"Effect": {
"UniversalStates": [],
"BeforeTryActions": [],
"BeforeActions": [],
"OnActions": [],
"BeforeExplosions": [],
"BeforeHits": [],
"OnHits": [],
"OnHitTiles": [],
"AfterActions": [],
"ElementEffects": [],
"OnEquips": [],
"OnPickups": [],
"BeforeStatusAdds": [],
"OnStatusAdds": [],
"OnStatusRemoves": [],
"OnMapStatusAdds": [],
"OnMapStatusRemoves": [],
"OnMapStarts": [],
"OnTurnStarts": [],
"OnTurnEnds": [],
"OnMapTurnEnds": [],
"OnWalks": [],
"OnDeaths": [],
"OnRefresh": [],
"OnMapRefresh": [
{
"Key": {
"str": [
0
]
},
"Value": {
"$type": "PMDC.Dungeon.MapNoRescueEvent, PMDC"
}
}
],
"ModifyHPs": [],
"RestoreHPs": [],
"InitActionData": []
}
}
}
],
"Comment": ""
},
{
"$type": "RogueEssence.LevelGen.LoadGen, RogueEssence",
"GenSteps": [
{
"Key": {
"str": [
-7
]
},
"Value": {
"$type": "RogueEssence.LevelGen.MappedRoomStep`1[[RogueEssence.LevelGen.MapLoadContext, RogueEssence]], RogueEssence",
"MapID": "forest_camp"
}
},
{
"Key": {
"str": [
-6
]
},
"Value": {
"$type": "RogueEssence.LevelGen.MapEffectStep`1[[RogueEssence.LevelGen.MapLoadContext, RogueEssence]], RogueEssence",
"Effect": {
"UniversalStates": [],
"BeforeTryActions": [],
"BeforeActions": [],
"OnActions": [],
"BeforeExplosions": [],
"BeforeHits": [],
"OnHits": [],
"OnHitTiles": [],
"AfterActions": [],
"ElementEffects": [],
"OnEquips": [],
"OnPickups": [],
"BeforeStatusAdds": [],
"OnStatusAdds": [],
"OnStatusRemoves": [],
"OnMapStatusAdds": [],
"OnMapStatusRemoves": [],
"OnMapStarts": [],
"OnTurnStarts": [],
"OnTurnEnds": [],
"OnMapTurnEnds": [],
"OnWalks": [],
"OnDeaths": [],
"OnRefresh": [],
"OnMapRefresh": [
{
"Key": {
"str": [
0
]
},
"Value": {
"$type": "PMDC.Dungeon.MapNoRescueEvent, PMDC"
}
}
],
"ModifyHPs": [],
"RestoreHPs": [],
"InitActionData": []
}
}
}
],
"Comment": ""
},
{
"$type": "RogueEssence.LevelGen.LoadGen, RogueEssence",
"GenSteps": [
{
"Key": {
"str": [
-7
]
},
"Value": {
"$type": "RogueEssence.LevelGen.MappedRoomStep`1[[RogueEssence.LevelGen.MapLoadContext, RogueEssence]], RogueEssence",
"MapID": "cliff_camp"
}
},
{
"Key": {
"str": [
-6
]
},
"Value": {
"$type": "RogueEssence.LevelGen.MapEffectStep`1[[RogueEssence.LevelGen.MapLoadContext, RogueEssence]], RogueEssence",
"Effect": {
"UniversalStates": [],
"BeforeTryActions": [],
"BeforeActions": [],
"OnActions": [],
"BeforeExplosions": [],
"BeforeHits": [],
"OnHits": [],
"OnHitTiles": [],
"AfterActions": [],
"ElementEffects": [],
"OnEquips": [],
"OnPickups": [],
"BeforeStatusAdds": [],
"OnStatusAdds": [],
"OnStatusRemoves": [],
"OnMapStatusAdds": [],
"OnMapStatusRemoves": [],
"OnMapStarts": [],
"OnTurnStarts": [],
"OnTurnEnds": [],
"OnMapTurnEnds": [],
"OnWalks": [],
"OnDeaths": [],
"OnRefresh": [],
"OnMapRefresh": [
{
"Key": {
"str": [
0
]
},
"Value": {
"$type": "PMDC.Dungeon.MapNoRescueEvent, PMDC"
}
}
],
"ModifyHPs": [],
"RestoreHPs": [],
"InitActionData": []
}
}
}
],
"Comment": ""
},
{
"$type": "RogueEssence.LevelGen.LoadGen, RogueEssence",
"GenSteps": [
{
"Key": {
"str": [
-7
]
},
"Value": {
"$type": "RogueEssence.LevelGen.MappedRoomStep`1[[RogueEssence.LevelGen.MapLoadContext, RogueEssence]], RogueEssence",
"MapID": "canyon_camp"
}
},
{
"Key": {
"str": [
-6
]
},
"Value": {
"$type": "RogueEssence.LevelGen.MapEffectStep`1[[RogueEssence.LevelGen.MapLoadContext, RogueEssence]], RogueEssence",
"Effect": {
"UniversalStates": [],
"BeforeTryActions": [],
"BeforeActions": [],
"OnActions": [],
"BeforeExplosions": [],
"BeforeHits": [],
"OnHits": [],
"OnHitTiles": [],
"AfterActions": [],
"ElementEffects": [],
"OnEquips": [],
"OnPickups": [],
"BeforeStatusAdds": [],
"OnStatusAdds": [],
"OnStatusRemoves": [],
"OnMapStatusAdds": [],
"OnMapStatusRemoves": [],
"OnMapStarts": [],
"OnTurnStarts": [],
"OnTurnEnds": [],
"OnMapTurnEnds": [],
"OnWalks": [],
"OnDeaths": [],
"OnRefresh": [],
"OnMapRefresh": [
{
"Key": {
"str": [
0
]
},
"Value": {
"$type": "PMDC.Dungeon.MapNoRescueEvent, PMDC"
}
}
],
"ModifyHPs": [],
"RestoreHPs": [],
"InitActionData": []
}
}
}
],
"Comment": ""
},
{
"$type": "RogueEssence.LevelGen.LoadGen, RogueEssence",
"GenSteps": [
{
"Key": {
"str": [
-7
]
},
"Value": {
"$type": "RogueEssence.LevelGen.MappedRoomStep`1[[RogueEssence.LevelGen.MapLoadContext, RogueEssence]], RogueEssence",
"MapID": "rest_stop"
}
},
{
"Key": {
"str": [
-6
]
},
"Value": {
"$type": "RogueEssence.LevelGen.MapEffectStep`1[[RogueEssence.LevelGen.MapLoadContext, RogueEssence]], RogueEssence",
"Effect": {
"UniversalStates": [],
"BeforeTryActions": [],
"BeforeActions": [],
"OnActions": [],
"BeforeExplosions": [],
"BeforeHits": [],
"OnHits": [],
"OnHitTiles": [],
"AfterActions": [],
"ElementEffects": [],
"OnEquips": [],
"OnPickups": [],
"BeforeStatusAdds": [],
"OnStatusAdds": [],
"OnStatusRemoves": [],
"OnMapStatusAdds": [],
"OnMapStatusRemoves": [],
"OnMapStarts": [],
"OnTurnStarts": [],
"OnTurnEnds": [],
"OnMapTurnEnds": [],
"OnWalks": [],
"OnDeaths": [],
"OnRefresh": [],
"OnMapRefresh": [
{
"Key": {
"str": [
0
]
},
"Value": {
"$type": "PMDC.Dungeon.MapNoRescueEvent, PMDC"
}
}
],
"ModifyHPs": [],
"RestoreHPs": [],
"InitActionData": []
}
}
}
],
"Comment": ""
},
{
"$type": "RogueEssence.LevelGen.LoadGen, RogueEssence",
"GenSteps": [
{
"Key": {
"str": [
-7
]
},
"Value": {
"$type": "RogueEssence.LevelGen.MappedRoomStep`1[[RogueEssence.LevelGen.MapLoadContext, RogueEssence]], RogueEssence",
"MapID": "final_stop"
}
},
{
"Key": {
"str": [
-6
]
},
"Value": {
"$type": "RogueEssence.LevelGen.MapEffectStep`1[[RogueEssence.LevelGen.MapLoadContext, RogueEssence]], RogueEssence",
"Effect": {
"UniversalStates": [],
"BeforeTryActions": [],
"BeforeActions": [],
"OnActions": [],
"BeforeExplosions": [],
"BeforeHits": [],
"OnHits": [],
"OnHitTiles": [],
"AfterActions": [],
"ElementEffects": [],
"OnEquips": [],
"OnPickups": [],
"BeforeStatusAdds": [],
"OnStatusAdds": [],
"OnStatusRemoves": [],
"OnMapStatusAdds": [],
"OnMapStatusRemoves": [],
"OnMapStarts": [],
"OnTurnStarts": [],
"OnTurnEnds": [],
"OnMapTurnEnds": [],
"OnWalks": [],
"OnDeaths": [],
"OnRefresh": [],
"OnMapRefresh": [
{
"Key": {
"str": [
0
]
},
"Value": {
"$type": "PMDC.Dungeon.MapNoRescueEvent, PMDC"
}
}
],
"ModifyHPs": [],
"RestoreHPs": [],
"InitActionData": []
}
}
}
],
"Comment": ""
},
{
"$type": "RogueEssence.LevelGen.LoadGen, RogueEssence",
"GenSteps": [
{
"Key": {
"str": [
-7
]
},
"Value": {
"$type": "RogueEssence.LevelGen.MappedRoomStep`1[[RogueEssence.LevelGen.MapLoadContext, RogueEssence]], RogueEssence",
"MapID": "guildmaster_summit"
}
},
{
"Key": {
"str": [
-6
]
},
"Value": {
"$type": "RogueEssence.LevelGen.MapEffectStep`1[[RogueEssence.LevelGen.MapLoadContext, RogueEssence]], RogueEssence",
"Effect": {
"UniversalStates": [],
"BeforeTryActions": [],
"BeforeActions": [],
"OnActions": [],
"BeforeExplosions": [],
"BeforeHits": [],
"OnHits": [],
"OnHitTiles": [],
"AfterActions": [],
"ElementEffects": [],
"OnEquips": [],
"OnPickups": [],
"BeforeStatusAdds": [],
"OnStatusAdds": [],
"OnStatusRemoves": [],
"OnMapStatusAdds": [],
"OnMapStatusRemoves": [],
"OnMapStarts": [],
"OnTurnStarts": [],
"OnTurnEnds": [],
"OnMapTurnEnds": [],
"OnWalks": [],
"OnDeaths": [],
"OnRefresh": [],
"OnMapRefresh": [
{
"Key": {
"str": [
0
]
},
"Value": {
"$type": "PMDC.Dungeon.MapNoRescueEvent, PMDC"
}
}
],
"ModifyHPs": [],
"RestoreHPs": [],
"InitActionData": []
}
}
}
],
"Comment": ""
},
{
"$type": "RogueEssence.LevelGen.LoadGen, RogueEssence",
"GenSteps": [
{
"Key": {
"str": [
-7
]
},
"Value": {
"$type": "RogueEssence.LevelGen.MappedRoomStep`1[[RogueEssence.LevelGen.MapLoadContext, RogueEssence]], RogueEssence",
"MapID": "guild_path"
}
},
{
"Key": {
"str": [
-6
]
},
"Value": {
"$type": "RogueEssence.LevelGen.MapEffectStep`1[[RogueEssence.LevelGen.MapLoadContext, RogueEssence]], RogueEssence",
"Effect": {
"UniversalStates": [],
"BeforeTryActions": [],
"BeforeActions": [],
"OnActions": [],
"BeforeExplosions": [],
"BeforeHits": [],
"OnHits": [],
"OnHitTiles": [],
"AfterActions": [],
"ElementEffects": [],
"OnEquips": [],
"OnPickups": [],
"BeforeStatusAdds": [],
"OnStatusAdds": [],
"OnStatusRemoves": [],
"OnMapStatusAdds": [],
"OnMapStatusRemoves": [],
"OnMapStarts": [],
"OnTurnStarts": [],
"OnTurnEnds": [],
"OnMapTurnEnds": [],
"OnWalks": [],
"OnDeaths": [],
"OnRefresh": [],
"OnMapRefresh": [
{
"Key": {
"str": [
0
]
},
"Value": {
"$type": "PMDC.Dungeon.MapNoRescueEvent, PMDC"
}
}
],
"ModifyHPs": [],
"RestoreHPs": [],
"InitActionData": []
}
}
}
],
"Comment": ""
},
{
"$type": "RogueEssence.LevelGen.LoadGen, RogueEssence",
"GenSteps": [
{
"Key": {
"str": [
-7
]
},
"Value": {
"$type": "RogueEssence.LevelGen.MappedRoomStep`1[[RogueEssence.LevelGen.MapLoadContext, RogueEssence]], RogueEssence",
"MapID": "guild_hut"
}
},
{
"Key": {
"str": [
-6
]
},
"Value": {
"$type": "RogueEssence.LevelGen.MapEffectStep`1[[RogueEssence.LevelGen.MapLoadContext, RogueEssence]], RogueEssence",
"Effect": {
"UniversalStates": [],
"BeforeTryActions": [],
"BeforeActions": [],
"OnActions": [],
"BeforeExplosions": [],
"BeforeHits": [],
"OnHits": [],
"OnHitTiles": [],
"AfterActions": [],
"ElementEffects": [],
"OnEquips": [],
"OnPickups": [],
"BeforeStatusAdds": [],
"OnStatusAdds": [],
"OnStatusRemoves": [],
"OnMapStatusAdds": [],
"OnMapStatusRemoves": [],
"OnMapStarts": [],
"OnTurnStarts": [],
"OnTurnEnds": [],
"OnMapTurnEnds": [],
"OnWalks": [],
"OnDeaths": [],
"OnRefresh": [],
"OnMapRefresh": [
{
"Key": {
"str": [
0
]
},
"Value": {
"$type": "PMDC.Dungeon.MapNoRescueEvent, PMDC"
}
}
],
"ModifyHPs": [],
"RestoreHPs": [],
"InitActionData": []
}
}
}
],
"Comment": ""
},
{
"$type": "RogueEssence.LevelGen.LoadGen, RogueEssence",
"GenSteps": [
{
"Key": {
"str": [
-7
]
},
"Value": {
"$type": "RogueEssence.LevelGen.MappedRoomStep`1[[RogueEssence.LevelGen.MapLoadContext, RogueEssence]], RogueEssence",
"MapID": "luminous_spring"
}
},
{
"Key": {
"str": [
-6
]
},
"Value": {
"$type": "RogueEssence.LevelGen.MapEffectStep`1[[RogueEssence.LevelGen.MapLoadContext, RogueEssence]], RogueEssence",
"Effect": {
"UniversalStates": [],
"BeforeTryActions": [],
"BeforeActions": [],
"OnActions": [],
"BeforeExplosions": [],
"BeforeHits": [],
"OnHits": [],
"OnHitTiles": [],
"AfterActions": [],
"ElementEffects": [],
"OnEquips": [],
"OnPickups": [],
"BeforeStatusAdds": [],
"OnStatusAdds": [],
"OnStatusRemoves": [],
"OnMapStatusAdds": [],
"OnMapStatusRemoves": [],
"OnMapStarts": [],
"OnTurnStarts": [],
"OnTurnEnds": [],
"OnMapTurnEnds": [],
"OnWalks": [],
"OnDeaths": [],
"OnRefresh": [],
"OnMapRefresh": [
{
"Key": {
"str": [
0
]
},
"Value": {
"$type": "PMDC.Dungeon.MapNoRescueEvent, PMDC"
}
}
],
"ModifyHPs": [],
"RestoreHPs": [],
"InitActionData": []
}
}
}
],
"Comment": ""
},
{
"$type": "RogueEssence.LevelGen.LoadGen, RogueEssence",
"GenSteps": [
{
"Key": {
"str": [
-7
]
},
"Value": {
"$type": "RogueEssence.LevelGen.MappedRoomStep`1[[RogueEssence.LevelGen.MapLoadContext, RogueEssence]], RogueEssence",
"MapID": "post_office"
}
},
{
"Key": {
"str": [
-6
]
},
"Value": {
"$type": "RogueEssence.LevelGen.MapEffectStep`1[[RogueEssence.LevelGen.MapLoadContext, RogueEssence]], RogueEssence",
"Effect": {
"UniversalStates": [],
"BeforeTryActions": [],
"BeforeActions": [],
"OnActions": [],
"BeforeExplosions": [],
"BeforeHits": [],
"OnHits": [],
"OnHitTiles": [],
"AfterActions": [],
"ElementEffects": [],
"OnEquips": [],
"OnPickups": [],
"BeforeStatusAdds": [],
"OnStatusAdds": [],
"OnStatusRemoves": [],
"OnMapStatusAdds": [],
"OnMapStatusRemoves": [],
"OnMapStarts": [],
"OnTurnStarts": [],
"OnTurnEnds": [],
"OnMapTurnEnds": [],
"OnWalks": [],
"OnDeaths": [],
"OnRefresh": [],
"OnMapRefresh": [
{
"Key": {
"str": [
0
]
},
"Value": {
"$type": "PMDC.Dungeon.MapNoRescueEvent, PMDC"
}
}
],
"ModifyHPs": [],
"RestoreHPs": [],
"InitActionData": []
}
}
}
],
"Comment": ""
}
],
"ZoneSteps": [],
"IsRelevant": false,
"Comment": ""
}
],
"GroundMaps": [
"test_grounds",
"base_camp",
"base_camp_2",
"forest_camp",
"cliff_camp",
"canyon_camp",
"rest_stop",
"final_stop",
"guildmaster_summit",
"guild_path",
"guild_hut",
"luminous_spring",
"post_office"
]
}
}